channel,day,listed_broadcasts,available_transcripts,missing_transcripts,pending_or_error_transcripts,observed_runtime_seconds,observed_word_count,stalin_candidates,lenin_candidates,trump_candidates,inventory_status,coverage_status,date,observed,y
RUSSIA1,2023-01-01,3,3,0,0,5570,9020,0.0,0.0,0.0,200,observed_listed_broadcasts,2023-01-01,True,0.0
RUSSIA1,2023-01-02,7,7,0,0,15998,30542,1.0,0.0,2.0,200,observed_listed_broadcasts,2023-01-02,True,1.0
RUSSIA1,2023-01-03,7,7,0,0,16006,30696,0.0,1.0,4.0,200,observed_listed_broadcasts,2023-01-03,True,0.0
RUSSIA1,2023-01-04,8,8,0,0,19366,32298,0.0,0.0,16.0,200,observed_listed_broadcasts,2023-01-04,True,0.0
RUSSIA1,2023-01-05,9,9,0,0,22725,33962,0.0,5.0,5.0,200,observed_listed_broadcasts,2023-01-05,True,0.0
RUSSIA1,2023-01-06,8,8,0,0,19374,34616,0.0,0.0,16.0,200,observed_listed_broadcasts,2023-01-06,True,0.0
RUSSIA1,2023-01-07,8,8,0,0,22661,35947,0.0,0.0,0.0,200,observed_listed_broadcasts,2023-01-07,True,0.0
RUSSIA1,2023-01-08,6,6,0,0,33934,60022,1.0,1.0,5.0,200,observed_listed_broadcasts,2023-01-08,True,1.0
RUSSIA1,2023-01-09,13,13,0,0,61624,119447,2.0,2.0,55.0,200,observed_listed_broadcasts,2023-01-09,True,2.0
RUSSIA1,2023-01-10,16,16,0,0,70337,132452,2.0,2.0,31.0,200,observed_listed_broadcasts,2023-01-10,True,2.0
RUSSIA1,2023-01-11,15,15,0,0,69265,131334,8.0,0.0,18.0,200,observed_listed_broadcasts,2023-01-11,True,8.0
RUSSIA1,2023-01-12,15,15,0,0,57861,101604,9.0,2.0,33.0,200,observed_listed_broadcasts,2023-01-12,True,9.0
RUSSIA1,2023-01-13,13,13,0,0,56550,109457,3.0,0.0,27.0,200,observed_listed_broadcasts,2023-01-13,True,3.0
RUSSIA1,2023-01-14,6,6,0,0,17134,31097,0.0,0.0,1.0,200,observed_listed_broadcasts,2023-01-14,True,0.0
RUSSIA1,2023-01-15,7,7,0,0,36265,62102,3.0,2.0,7.0,200,observed_listed_broadcasts,2023-01-15,True,3.0
RUSSIA1,2023-01-16,17,17,0,0,73452,135433,2.0,2.0,6.0,200,observed_listed_broadcasts,2023-01-16,True,2.0
RUSSIA1,2023-01-17,4,4,0,0,6857,12334,0.0,0.0,0.0,200,observed_listed_broadcasts,2023-01-17,True,0.0
RUSSIA1,2023-01-18,4,4,0,0,22002,42846,8.0,2.0,0.0,200,observed_listed_broadcasts,2023-01-18,True,8.0
RUSSIA1,2023-01-19,15,15,0,0,62997,115282,1.0,3.0,2.0,200,observed_listed_broadcasts,2023-01-19,True,1.0
RUSSIA1,2023-01-20,15,15,0,0,60269,114834,2.0,2.0,4.0,200,observed_listed_broadcasts,2023-01-20,True,2.0
RUSSIA1,2023-01-21,8,8,0,0,19052,34231,0.0,2.0,0.0,200,observed_listed_broadcasts,2023-01-21,True,0.0
RUSSIA1,2023-01-22,7,7,0,0,29553,55324,0.0,5.0,5.0,200,observed_listed_broadcasts,2023-01-22,True,0.0
RUSSIA1,2023-01-23,15,15,0,0,69672,133133,4.0,1.0,2.0,200,observed_listed_broadcasts,2023-01-23,True,4.0
RUSSIA1,2023-01-24,16,16,0,0,70633,133292,2.0,2.0,1.0,200,observed_listed_broadcasts,2023-01-24,True,2.0
RUSSIA1,2023-01-25,15,15,0,0,68963,131702,7.0,4.0,2.0,200,observed_listed_broadcasts,2023-01-25,True,7.0
RUSSIA1,2023-01-26,18,18,0,0,79504,145535,2.0,0.0,13.0,200,observed_listed_broadcasts,2023-01-26,True,2.0
RUSSIA1,2023-01-27,15,15,0,0,63561,119794,1.0,0.0,32.0,200,observed_listed_broadcasts,2023-01-27,True,1.0
RUSSIA1,2023-01-28,9,9,0,0,29731,56481,0.0,5.0,0.0,200,observed_listed_broadcasts,2023-01-28,True,0.0
RUSSIA1,2023-01-29,6,6,0,0,29196,56064,0.0,1.0,5.0,200,observed_listed_broadcasts,2023-01-29,True,0.0
RUSSIA1,2023-01-30,16,16,0,0,72083,137933,2.0,3.0,18.0,200,observed_listed_broadcasts,2023-01-30,True,2.0
RUSSIA1,2023-01-31,17,17,0,0,73825,138207,4.0,6.0,18.0,200,observed_listed_broadcasts,2023-01-31,True,4.0
RUSSIA1,2023-02-01,17,17,0,0,74530,136286,1.0,1.0,5.0,200,observed_listed_broadcasts,2023-02-01,True,1.0
RUSSIA1,2023-02-02,16,16,0,0,72313,135521,20.0,1.0,20.0,200,observed_listed_broadcasts,2023-02-02,True,20.0
RUSSIA1,2023-02-03,14,14,0,0,60009,112998,12.0,4.0,10.0,200,observed_listed_broadcasts,2023-02-03,True,12.0
RUSSIA1,2023-02-04,6,6,0,0,17125,32101,5.0,2.0,5.0,200,observed_listed_broadcasts,2023-02-04,True,5.0
RUSSIA1,2023-02-05,7,7,0,0,30934,57930,1.0,0.0,1.0,200,observed_listed_broadcasts,2023-02-05,True,1.0
RUSSIA1,2023-02-06,16,16,0,0,69356,130605,2.0,2.0,23.0,200,observed_listed_broadcasts,2023-02-06,True,2.0
RUSSIA1,2023-02-07,17,17,0,0,76396,146628,6.0,2.0,3.0,200,observed_listed_broadcasts,2023-02-07,True,6.0
RUSSIA1,2023-02-08,15,15,0,0,66660,129001,2.0,3.0,21.0,200,observed_listed_broadcasts,2023-02-08,True,2.0
RUSSIA1,2023-02-09,16,16,0,0,72524,139087,2.0,3.0,2.0,200,observed_listed_broadcasts,2023-02-09,True,2.0
RUSSIA1,2023-02-10,15,15,0,0,63563,120360,0.0,1.0,6.0,200,observed_listed_broadcasts,2023-02-10,True,0.0
RUSSIA1,2023-02-11,8,8,0,0,18815,34971,0.0,0.0,1.0,200,observed_listed_broadcasts,2023-02-11,True,0.0
RUSSIA1,2023-02-12,8,8,0,0,44845,70749,1.0,1.0,1.0,200,observed_listed_broadcasts,2023-02-12,True,1.0
RUSSIA1,2023-02-13,17,17,0,0,72562,133578,1.0,2.0,2.0,200,observed_listed_broadcasts,2023-02-13,True,1.0
RUSSIA1,2023-02-14,14,14,0,0,64399,126112,11.0,12.0,9.0,200,observed_listed_broadcasts,2023-02-14,True,11.0
RUSSIA1,2023-02-15,18,18,0,0,78028,145702,5.0,0.0,11.0,200,observed_listed_broadcasts,2023-02-15,True,5.0
RUSSIA1,2023-02-16,14,14,0,0,65604,129524,0.0,1.0,13.0,200,observed_listed_broadcasts,2023-02-16,True,0.0
RUSSIA1,2023-02-17,14,14,0,0,58056,109953,0.0,1.0,24.0,200,observed_listed_broadcasts,2023-02-17,True,0.0
RUSSIA1,2023-02-18,0,0,0,0,0,0,,,,404,incomplete_or_missing,2023-02-18,False,
RUSSIA1,2023-02-19,0,0,0,0,0,0,,,,404,incomplete_or_missing,2023-02-19,False,
RUSSIA1,2023-02-20,0,0,0,0,0,0,,,,404,incomplete_or_missing,2023-02-20,False,
RUSSIA1,2023-02-21,0,0,0,0,0,0,,,,404,incomplete_or_missing,2023-02-21,False,
RUSSIA1,2023-02-22,0,0,0,0,0,0,,,,404,incomplete_or_missing,2023-02-22,False,
RUSSIA1,2023-02-23,0,0,0,0,0,0,,,,404,incomplete_or_missing,2023-02-23,False,
RUSSIA1,2023-02-24,0,0,0,0,0,0,,,,404,incomplete_or_missing,2023-02-24,False,
RUSSIA1,2023-02-25,0,0,0,0,0,0,,,,404,incomplete_or_missing,2023-02-25,False,
RUSSIA1,2023-02-26,0,0,0,0,0,0,,,,404,incomplete_or_missing,2023-02-26,False,
RUSSIA1,2023-02-27,0,0,0,0,0,0,,,,404,incomplete_or_missing,2023-02-27,False,
RUSSIA1,2023-02-28,0,0,0,0,0,0,,,,404,incomplete_or_missing,2023-02-28,False,
RUSSIA1,2023-03-01,0,0,0,0,0,0,,,,404,incomplete_or_missing,2023-03-01,False,
RUSSIA1,2023-03-02,11,11,0,0,44441,86246,2.0,0.0,1.0,200,observed_listed_broadcasts,2023-03-02,True,2.0
RUSSIA1,2023-03-03,5,5,0,0,20839,40331,3.0,6.0,0.0,200,observed_listed_broadcasts,2023-03-03,True,3.0
RUSSIA1,2023-03-04,6,6,0,0,13969,24712,0.0,0.0,0.0,200,observed_listed_broadcasts,2023-03-04,True,0.0
RUSSIA1,2023-03-05,7,7,0,0,42389,68922,9.0,4.0,10.0,200,observed_listed_broadcasts,2023-03-05,True,9.0
RUSSIA1,2023-03-06,14,14,0,0,69188,131711,2.0,0.0,45.0,200,observed_listed_broadcasts,2023-03-06,True,2.0
RUSSIA1,2023-03-07,15,15,0,0,68319,128519,1.0,1.0,7.0,200,observed_listed_broadcasts,2023-03-07,True,1.0
RUSSIA1,2023-03-08,4,4,0,0,9242,17712,0.0,0.0,0.0,200,observed_listed_broadcasts,2023-03-08,True,0.0
RUSSIA1,2023-03-09,13,13,0,0,66027,114614,1.0,0.0,8.0,200,observed_listed_broadcasts,2023-03-09,True,1.0
RUSSIA1,2023-03-10,14,14,0,0,59685,114535,1.0,0.0,24.0,200,observed_listed_broadcasts,2023-03-10,True,1.0
RUSSIA1,2023-03-11,7,7,0,0,11153,20360,0.0,0.0,0.0,200,observed_listed_broadcasts,2023-03-11,True,0.0
RUSSIA1,2023-03-12,6,6,0,0,25608,48533,4.0,0.0,3.0,200,observed_listed_broadcasts,2023-03-12,True,4.0
RUSSIA1,2023-03-13,16,16,0,0,68639,123132,1.0,3.0,16.0,200,observed_listed_broadcasts,2023-03-13,True,1.0
RUSSIA1,2023-03-14,16,16,0,0,78403,148931,2.0,4.0,44.0,200,observed_listed_broadcasts,2023-03-14,True,2.0
RUSSIA1,2023-03-15,15,15,0,0,68743,130132,0.0,0.0,19.0,200,observed_listed_broadcasts,2023-03-15,True,0.0
RUSSIA1,2023-03-16,11,11,0,0,52380,92302,0.0,4.0,2.0,200,observed_listed_broadcasts,2023-03-16,True,0.0
RUSSIA1,2023-03-17,16,16,0,0,67137,123092,7.0,2.0,7.0,200,observed_listed_broadcasts,2023-03-17,True,7.0
RUSSIA1,2023-03-18,5,5,0,0,11160,20687,0.0,2.0,3.0,200,observed_listed_broadcasts,2023-03-18,True,0.0
RUSSIA1,2023-03-19,6,6,0,0,28007,52426,0.0,0.0,19.0,200,observed_listed_broadcasts,2023-03-19,True,0.0
RUSSIA1,2023-03-20,15,15,0,0,73526,142391,3.0,0.0,63.0,200,observed_listed_broadcasts,2023-03-20,True,3.0
RUSSIA1,2023-03-21,14,14,0,0,65067,126839,1.0,1.0,47.0,200,observed_listed_broadcasts,2023-03-21,True,1.0
RUSSIA1,2023-03-22,15,15,0,0,69287,129011,1.0,3.0,25.0,200,observed_listed_broadcasts,2023-03-22,True,1.0
RUSSIA1,2023-03-23,15,15,0,0,68737,131514,7.0,1.0,17.0,200,observed_listed_broadcasts,2023-03-23,True,7.0
RUSSIA1,2023-03-24,13,13,0,0,58123,110296,2.0,0.0,6.0,200,observed_listed_broadcasts,2023-03-24,True,2.0
RUSSIA1,2023-03-25,8,8,0,0,18593,33768,0.0,0.0,0.0,200,observed_listed_broadcasts,2023-03-25,True,0.0
RUSSIA1,2023-03-26,6,6,0,0,30400,48473,0.0,0.0,7.0,200,observed_listed_broadcasts,2023-03-26,True,0.0
RUSSIA1,2023-03-27,15,15,0,0,73720,135776,4.0,1.0,36.0,200,observed_listed_broadcasts,2023-03-27,True,4.0
RUSSIA1,2023-03-28,15,15,0,0,69292,136417,1.0,1.0,38.0,200,observed_listed_broadcasts,2023-03-28,True,1.0
RUSSIA1,2023-03-29,11,11,0,0,48281,90675,0.0,1.0,9.0,200,observed_listed_broadcasts,2023-03-29,True,0.0
RUSSIA1,2023-03-30,12,12,0,0,48465,91163,0.0,1.0,16.0,200,observed_listed_broadcasts,2023-03-30,True,0.0
RUSSIA1,2023-03-31,12,12,0,0,54109,102282,2.0,3.0,184.0,200,observed_listed_broadcasts,2023-03-31,True,2.0
RUSSIA1,2023-04-01,8,8,0,0,19371,31037,0.0,0.0,49.0,200,observed_listed_broadcasts,2023-04-01,True,0.0
RUSSIA1,2023-04-02,8,8,0,0,45164,45313,0.0,0.0,12.0,200,observed_listed_broadcasts,2023-04-02,True,0.0
RUSSIA1,2023-04-03,14,14,0,0,68918,117329,15.0,3.0,52.0,200,observed_listed_broadcasts,2023-04-03,True,15.0
RUSSIA1,2023-04-04,16,16,0,0,76180,138251,6.0,0.0,234.0,200,observed_listed_broadcasts,2023-04-04,True,6.0
RUSSIA1,2023-04-05,16,16,0,0,72352,138096,19.0,2.0,285.0,200,observed_listed_broadcasts,2023-04-05,True,19.0
RUSSIA1,2023-04-06,16,16,0,0,59423,112614,1.0,0.0,14.0,200,observed_listed_broadcasts,2023-04-06,True,1.0
RUSSIA1,2023-04-07,13,13,0,0,55709,106463,0.0,0.0,9.0,200,observed_listed_broadcasts,2023-04-07,True,0.0
RUSSIA1,2023-04-08,6,6,0,0,14491,27305,0.0,0.0,0.0,200,observed_listed_broadcasts,2023-04-08,True,0.0
RUSSIA1,2023-04-09,6,6,0,0,29212,55914,0.0,0.0,33.0,200,observed_listed_broadcasts,2023-04-09,True,0.0
RUSSIA1,2023-04-10,15,15,0,0,72695,132336,6.0,9.0,51.0,200,observed_listed_broadcasts,2023-04-10,True,6.0
RUSSIA1,2023-04-11,16,16,0,0,77804,144277,8.0,12.0,25.0,200,observed_listed_broadcasts,2023-04-11,True,8.0
RUSSIA1,2023-04-12,16,16,0,0,72101,138402,4.0,0.0,77.0,200,observed_listed_broadcasts,2023-04-12,True,4.0
RUSSIA1,2023-04-13,12,12,0,0,60000,119124,1.0,0.0,16.0,200,observed_listed_broadcasts,2023-04-13,True,1.0
RUSSIA1,2023-04-14,13,13,0,0,55705,107367,1.0,0.0,21.0,200,observed_listed_broadcasts,2023-04-14,True,1.0
RUSSIA1,2023-04-15,12,12,0,0,45401,76999,1.0,0.0,4.0,200,observed_listed_broadcasts,2023-04-15,True,1.0
RUSSIA1,2023-04-16,8,8,0,0,33420,58977,2.0,0.0,18.0,200,observed_listed_broadcasts,2023-04-16,True,2.0
RUSSIA1,2023-04-17,11,11,0,0,68636,121339,6.0,2.0,5.0,200,observed_listed_broadcasts,2023-04-17,True,6.0
RUSSIA1,2023-04-18,13,13,0,0,62868,113933,0.0,0.0,1.0,200,observed_listed_broadcasts,2023-04-18,True,0.0
RUSSIA1,2023-04-19,13,13,0,0,52703,102066,6.0,0.0,8.0,200,observed_listed_broadcasts,2023-04-19,True,6.0
RUSSIA1,2023-04-20,14,14,0,0,67734,128987,4.0,0.0,5.0,200,observed_listed_broadcasts,2023-04-20,True,4.0
RUSSIA1,2023-04-21,12,12,0,0,53258,98787,1.0,0.0,12.0,200,observed_listed_broadcasts,2023-04-21,True,1.0
RUSSIA1,2023-04-22,9,9,0,0,33534,48221,0.0,0.0,6.0,200,observed_listed_broadcasts,2023-04-22,True,0.0
RUSSIA1,2023-04-23,6,6,0,0,28255,54023,0.0,0.0,4.0,200,observed_listed_broadcasts,2023-04-23,True,0.0
RUSSIA1,2023-04-24,16,16,0,0,76856,137738,3.0,2.0,15.0,200,observed_listed_broadcasts,2023-04-24,True,3.0
RUSSIA1,2023-04-25,15,15,0,0,69179,132155,5.0,2.0,74.0,200,observed_listed_broadcasts,2023-04-25,True,5.0
RUSSIA1,2023-04-26,14,14,0,0,67606,128911,0.0,0.0,46.0,200,observed_listed_broadcasts,2023-04-26,True,0.0
RUSSIA1,2023-04-27,14,14,0,0,65511,126575,0.0,0.0,6.0,200,observed_listed_broadcasts,2023-04-27,True,0.0
RUSSIA1,2023-04-28,13,13,0,0,57950,111194,1.0,0.0,73.0,200,observed_listed_broadcasts,2023-04-28,True,1.0
RUSSIA1,2023-04-29,5,5,0,0,15291,21391,0.0,0.0,1.0,200,observed_listed_broadcasts,2023-04-29,True,0.0
RUSSIA1,2023-04-30,5,5,0,0,24089,33213,2.0,1.0,4.0,200,observed_listed_broadcasts,2023-04-30,True,2.0
RUSSIA1,2023-05-01,6,6,0,0,30701,39300,5.0,1.0,0.0,200,observed_listed_broadcasts,2023-05-01,True,5.0
RUSSIA1,2023-05-02,15,15,0,0,68501,131418,2.0,1.0,9.0,200,observed_listed_broadcasts,2023-05-02,True,2.0
RUSSIA1,2023-05-03,17,17,0,0,75110,140670,4.0,3.0,10.0,200,observed_listed_broadcasts,2023-05-03,True,4.0
RUSSIA1,2023-05-04,15,15,0,0,57767,107719,8.0,1.0,26.0,200,observed_listed_broadcasts,2023-05-04,True,8.0
RUSSIA1,2023-05-05,7,7,0,0,19302,33525,0.0,1.0,0.0,200,observed_listed_broadcasts,2023-05-05,True,0.0
RUSSIA1,2023-05-06,5,5,0,0,12594,18955,0.0,1.0,2.0,200,observed_listed_broadcasts,2023-05-06,True,0.0
RUSSIA1,2023-05-07,9,9,0,0,45056,67974,4.0,0.0,0.0,200,observed_listed_broadcasts,2023-05-07,True,4.0
RUSSIA1,2023-05-08,10,10,0,0,63865,72115,5.0,1.0,0.0,200,observed_listed_broadcasts,2023-05-08,True,5.0
RUSSIA1,2023-05-09,11,11,0,0,40080,54648,2.0,6.0,11.0,200,observed_listed_broadcasts,2023-05-09,True,2.0
RUSSIA1,2023-05-10,14,14,0,0,59856,119559,7.0,2.0,104.0,200,observed_listed_broadcasts,2023-05-10,True,7.0
RUSSIA1,2023-05-11,15,15,0,0,72168,132702,0.0,1.0,84.0,200,observed_listed_broadcasts,2023-05-11,True,0.0
RUSSIA1,2023-05-12,13,13,0,0,55703,107697,0.0,0.0,18.0,200,observed_listed_broadcasts,2023-05-12,True,0.0
RUSSIA1,2023-05-13,3,3,0,0,9478,16164,0.0,0.0,1.0,200,observed_listed_broadcasts,2023-05-13,True,0.0
RUSSIA1,2023-05-14,6,6,0,0,29331,54704,2.0,3.0,22.0,200,observed_listed_broadcasts,2023-05-14,True,2.0
RUSSIA1,2023-05-15,16,16,0,0,76775,145856,8.0,5.0,5.0,200,observed_listed_broadcasts,2023-05-15,True,8.0
RUSSIA1,2023-05-16,12,12,0,0,55306,94129,0.0,1.0,52.0,200,observed_listed_broadcasts,2023-05-16,True,0.0
RUSSIA1,2023-05-17,18,18,0,0,77581,125697,2.0,1.0,6.0,200,observed_listed_broadcasts,2023-05-17,True,2.0
RUSSIA1,2023-05-18,10,10,0,0,37013,71197,1.0,2.0,2.0,200,observed_listed_broadcasts,2023-05-18,True,1.0
RUSSIA1,2023-05-19,4,4,0,0,10722,17551,1.0,0.0,0.0,200,observed_listed_broadcasts,2023-05-19,True,1.0
RUSSIA1,2023-05-20,7,7,0,0,14989,26864,0.0,0.0,1.0,200,observed_listed_broadcasts,2023-05-20,True,0.0
RUSSIA1,2023-05-21,7,7,0,0,26795,46956,0.0,0.0,22.0,200,observed_listed_broadcasts,2023-05-21,True,0.0
RUSSIA1,2023-05-22,16,16,0,0,68683,133441,4.0,2.0,8.0,200,observed_listed_broadcasts,2023-05-22,True,4.0
RUSSIA1,2023-05-23,16,16,0,0,72939,137366,4.0,0.0,5.0,200,observed_listed_broadcasts,2023-05-23,True,4.0
RUSSIA1,2023-05-24,17,17,0,0,75165,139134,11.0,0.0,11.0,200,observed_listed_broadcasts,2023-05-24,True,11.0
RUSSIA1,2023-05-25,17,17,0,0,76000,142202,6.0,1.0,58.0,200,observed_listed_broadcasts,2023-05-25,True,6.0
RUSSIA1,2023-05-26,10,10,0,0,40234,71951,0.0,0.0,2.0,200,observed_listed_broadcasts,2023-05-26,True,0.0
RUSSIA1,2023-05-27,8,8,0,0,25179,47177,0.0,0.0,0.0,200,observed_listed_broadcasts,2023-05-27,True,0.0
RUSSIA1,2023-05-28,4,4,0,0,9477,16352,0.0,0.0,0.0,200,observed_listed_broadcasts,2023-05-28,True,0.0
RUSSIA1,2023-05-29,9,9,0,0,37134,68460,2.0,1.0,9.0,200,observed_listed_broadcasts,2023-05-29,True,2.0
RUSSIA1,2023-05-30,16,16,0,0,73306,140348,4.0,3.0,6.0,200,observed_listed_broadcasts,2023-05-30,True,4.0
RUSSIA1,2023-05-31,15,15,0,0,66703,127670,3.0,1.0,12.0,200,observed_listed_broadcasts,2023-05-31,True,3.0
RUSSIA1,2023-06-01,17,17,0,0,76021,138723,1.0,0.0,37.0,200,observed_listed_broadcasts,2023-06-01,True,1.0
RUSSIA1,2023-06-02,14,14,0,0,62274,113482,1.0,5.0,29.0,200,observed_listed_broadcasts,2023-06-02,True,1.0
RUSSIA1,2023-06-03,6,6,0,0,14154,26607,0.0,0.0,0.0,200,observed_listed_broadcasts,2023-06-03,True,0.0
RUSSIA1,2023-06-04,3,3,0,0,19973,38034,2.0,1.0,3.0,200,observed_listed_broadcasts,2023-06-04,True,2.0
RUSSIA1,2023-06-05,9,9,0,0,50539,91088,4.0,0.0,5.0,200,observed_listed_broadcasts,2023-06-05,True,4.0
RUSSIA1,2023-06-06,14,14,0,0,57288,101054,9.0,8.0,2.0,200,observed_listed_broadcasts,2023-06-06,True,9.0
RUSSIA1,2023-06-07,14,14,0,0,68209,127582,1.0,1.0,16.0,200,observed_listed_broadcasts,2023-06-07,True,1.0
RUSSIA1,2023-06-08,15,15,0,0,69287,131554,1.0,0.0,51.0,200,observed_listed_broadcasts,2023-06-08,True,1.0
RUSSIA1,2023-06-09,16,16,0,0,65931,119477,0.0,0.0,42.0,200,observed_listed_broadcasts,2023-06-09,True,0.0
RUSSIA1,2023-06-10,7,7,0,0,17519,29941,0.0,0.0,44.0,200,observed_listed_broadcasts,2023-06-10,True,0.0
RUSSIA1,2023-06-11,7,7,0,0,32096,58994,1.0,1.0,26.0,200,observed_listed_broadcasts,2023-06-11,True,1.0
RUSSIA1,2023-06-12,9,9,0,0,37558,54420,2.0,0.0,1.0,200,observed_listed_broadcasts,2023-06-12,True,2.0
RUSSIA1,2023-06-13,13,13,0,0,75941,137904,2.0,9.0,39.0,200,observed_listed_broadcasts,2023-06-13,True,2.0
RUSSIA1,2023-06-14,15,15,0,0,67007,124747,2.0,1.0,109.0,200,observed_listed_broadcasts,2023-06-14,True,2.0
RUSSIA1,2023-06-15,15,15,0,0,69588,130495,8.0,5.0,12.0,200,observed_listed_broadcasts,2023-06-15,True,8.0
RUSSIA1,2023-06-16,16,16,0,0,72943,124288,3.0,1.0,6.0,200,observed_listed_broadcasts,2023-06-16,True,3.0
RUSSIA1,2023-06-17,9,9,0,0,25727,39365,0.0,1.0,2.0,200,observed_listed_broadcasts,2023-06-17,True,0.0
RUSSIA1,2023-06-18,6,6,0,0,27994,50898,1.0,4.0,9.0,200,observed_listed_broadcasts,2023-06-18,True,1.0
RUSSIA1,2023-06-19,15,15,0,0,65322,121240,2.0,0.0,15.0,200,observed_listed_broadcasts,2023-06-19,True,2.0
RUSSIA1,2023-06-20,15,15,0,0,67917,129672,1.0,0.0,26.0,200,observed_listed_broadcasts,2023-06-20,True,1.0
RUSSIA1,2023-06-21,15,15,0,0,69341,129492,3.0,0.0,19.0,200,observed_listed_broadcasts,2023-06-21,True,3.0
RUSSIA1,2023-06-22,15,15,0,0,69343,124316,9.0,0.0,21.0,200,observed_listed_broadcasts,2023-06-22,True,9.0
RUSSIA1,2023-06-23,14,14,0,0,59748,111445,2.0,3.0,3.0,200,observed_listed_broadcasts,2023-06-23,True,2.0
RUSSIA1,2023-06-24,8,8,0,0,26869,39517,0.0,0.0,1.0,200,observed_listed_broadcasts,2023-06-24,True,0.0
RUSSIA1,2023-06-25,4,4,0,0,13905,25843,0.0,2.0,0.0,200,observed_listed_broadcasts,2023-06-25,True,0.0
RUSSIA1,2023-06-26,14,14,0,0,55427,101666,2.0,0.0,11.0,200,observed_listed_broadcasts,2023-06-26,True,2.0
RUSSIA1,2023-06-27,16,16,0,0,77846,111084,0.0,0.0,9.0,200,observed_listed_broadcasts,2023-06-27,True,0.0
RUSSIA1,2023-06-28,13,13,0,0,49055,89448,0.0,1.0,17.0,200,observed_listed_broadcasts,2023-06-28,True,0.0
RUSSIA1,2023-06-29,14,14,0,0,69236,125996,1.0,1.0,5.0,200,observed_listed_broadcasts,2023-06-29,True,1.0
RUSSIA1,2023-06-30,14,14,0,0,59007,114179,0.0,0.0,15.0,200,observed_listed_broadcasts,2023-06-30,True,0.0
RUSSIA1,2023-07-01,5,5,0,0,18288,20778,0.0,0.0,2.0,200,observed_listed_broadcasts,2023-07-01,True,0.0
RUSSIA1,2023-07-02,8,8,0,0,46978,67159,1.0,0.0,2.0,200,observed_listed_broadcasts,2023-07-02,True,1.0
RUSSIA1,2023-07-03,15,15,0,0,73195,125248,3.0,4.0,4.0,200,observed_listed_broadcasts,2023-07-03,True,3.0
RUSSIA1,2023-07-04,13,13,0,0,60422,110077,1.0,1.0,2.0,200,observed_listed_broadcasts,2023-07-04,True,1.0
RUSSIA1,2023-07-05,16,16,0,0,68638,130341,2.0,0.0,9.0,200,observed_listed_broadcasts,2023-07-05,True,2.0
RUSSIA1,2023-07-06,15,15,0,0,66449,122067,2.0,0.0,12.0,200,observed_listed_broadcasts,2023-07-06,True,2.0
RUSSIA1,2023-07-07,13,13,0,0,54011,101317,1.0,0.0,2.0,200,observed_listed_broadcasts,2023-07-07,True,1.0
RUSSIA1,2023-07-08,4,4,0,0,11633,17879,0.0,0.0,0.0,200,observed_listed_broadcasts,2023-07-08,True,0.0
RUSSIA1,2023-07-09,6,6,0,0,27041,50046,3.0,0.0,7.0,200,observed_listed_broadcasts,2023-07-09,True,3.0
RUSSIA1,2023-07-10,13,13,0,0,66376,114736,1.0,1.0,3.0,200,observed_listed_broadcasts,2023-07-10,True,1.0
RUSSIA1,2023-07-11,13,13,0,0,51471,94123,4.0,2.0,5.0,200,observed_listed_broadcasts,2023-07-11,True,4.0
RUSSIA1,2023-07-12,14,14,0,0,64413,117547,2.0,0.0,16.0,200,observed_listed_broadcasts,2023-07-12,True,2.0
RUSSIA1,2023-07-13,11,11,0,0,46249,85678,3.0,3.0,9.0,200,observed_listed_broadcasts,2023-07-13,True,3.0
RUSSIA1,2023-07-14,14,14,0,0,59052,106569,1.0,0.0,9.0,200,observed_listed_broadcasts,2023-07-14,True,1.0
RUSSIA1,2023-07-15,3,3,0,0,16678,22468,0.0,1.0,3.0,200,observed_listed_broadcasts,2023-07-15,True,0.0
RUSSIA1,2023-07-16,7,7,0,0,43320,61414,6.0,0.0,4.0,200,observed_listed_broadcasts,2023-07-16,True,6.0
RUSSIA1,2023-07-17,14,14,0,0,60731,113651,2.0,0.0,13.0,200,observed_listed_broadcasts,2023-07-17,True,2.0
RUSSIA1,2023-07-18,14,14,0,0,55902,97122,0.0,0.0,1.0,200,observed_listed_broadcasts,2023-07-18,True,0.0
RUSSIA1,2023-07-19,15,15,0,0,61842,109246,8.0,0.0,45.0,200,observed_listed_broadcasts,2023-07-19,True,8.0
RUSSIA1,2023-07-20,12,12,0,0,52090,94467,0.0,0.0,36.0,200,observed_listed_broadcasts,2023-07-20,True,0.0
RUSSIA1,2023-07-21,14,14,0,0,55375,102097,16.0,2.0,8.0,200,observed_listed_broadcasts,2023-07-21,True,16.0
RUSSIA1,2023-07-22,6,6,0,0,14433,26402,4.0,0.0,0.0,200,observed_listed_broadcasts,2023-07-22,True,4.0
RUSSIA1,2023-07-23,5,5,0,0,25796,48620,8.0,6.0,7.0,200,observed_listed_broadcasts,2023-07-23,True,8.0
RUSSIA1,2023-07-24,14,14,0,0,63494,115821,7.0,0.0,4.0,200,observed_listed_broadcasts,2023-07-24,True,7.0
RUSSIA1,2023-07-25,11,11,0,0,38193,64284,8.0,0.0,3.0,200,observed_listed_broadcasts,2023-07-25,True,8.0
RUSSIA1,2023-07-26,14,14,0,0,60691,105703,0.0,0.0,2.0,200,observed_listed_broadcasts,2023-07-26,True,0.0
RUSSIA1,2023-07-27,13,13,0,0,55928,104235,2.0,0.0,0.0,200,observed_listed_broadcasts,2023-07-27,True,2.0
RUSSIA1,2023-07-28,14,14,0,0,47400,85456,1.0,0.0,4.0,200,observed_listed_broadcasts,2023-07-28,True,1.0
RUSSIA1,2023-07-29,6,6,0,0,12952,23382,0.0,2.0,0.0,200,observed_listed_broadcasts,2023-07-29,True,0.0
RUSSIA1,2023-07-30,8,8,0,0,43675,63040,15.0,0.0,6.0,200,observed_listed_broadcasts,2023-07-30,True,15.0
RUSSIA1,2023-07-31,17,17,0,0,80579,134414,16.0,0.0,9.0,200,observed_listed_broadcasts,2023-07-31,True,16.0
RUSSIA1,2023-08-01,12,12,0,0,60700,114547,3.0,0.0,12.0,200,observed_listed_broadcasts,2023-08-01,True,3.0
RUSSIA1,2023-08-02,14,14,0,0,63959,119054,2.0,0.0,119.0,200,observed_listed_broadcasts,2023-08-02,True,2.0
RUSSIA1,2023-08-03,11,11,0,0,56751,107633,2.0,0.0,76.0,200,observed_listed_broadcasts,2023-08-03,True,2.0
RUSSIA1,2023-08-04,13,13,0,0,57169,108589,1.0,3.0,134.0,200,observed_listed_broadcasts,2023-08-04,True,1.0
RUSSIA1,2023-08-05,3,3,0,0,10373,14005,0.0,0.0,1.0,200,observed_listed_broadcasts,2023-08-05,True,0.0
RUSSIA1,2023-08-06,5,5,0,0,26700,52982,6.0,4.0,29.0,200,observed_listed_broadcasts,2023-08-06,True,6.0
RUSSIA1,2023-08-07,17,17,0,0,79983,146409,1.0,44.0,28.0,200,observed_listed_broadcasts,2023-08-07,True,1.0
RUSSIA1,2023-08-08,14,14,0,0,65924,122265,2.0,0.0,5.0,200,observed_listed_broadcasts,2023-08-08,True,2.0
RUSSIA1,2023-08-09,14,14,0,0,65338,120002,4.0,0.0,35.0,200,observed_listed_broadcasts,2023-08-09,True,4.0
RUSSIA1,2023-08-10,1,1,0,0,3636,3729,0.0,0.0,0.0,200,observed_listed_broadcasts,2023-08-10,True,0.0
RUSSIA1,2023-08-11,0,0,0,0,0,0,,,,404,incomplete_or_missing,2023-08-11,False,
RUSSIA1,2023-08-12,0,0,0,0,0,0,,,,404,incomplete_or_missing,2023-08-12,False,
RUSSIA1,2023-08-13,0,0,0,0,0,0,,,,404,incomplete_or_missing,2023-08-13,False,
RUSSIA1,2023-08-14,0,0,0,0,0,0,,,,404,incomplete_or_missing,2023-08-14,False,
RUSSIA1,2023-08-15,0,0,0,0,0,0,,,,404,incomplete_or_missing,2023-08-15,False,
RUSSIA1,2023-08-16,0,0,0,0,0,0,,,,404,incomplete_or_missing,2023-08-16,False,
RUSSIA1,2023-08-17,0,0,0,0,0,0,,,,404,incomplete_or_missing,2023-08-17,False,
RUSSIA1,2023-08-18,7,7,0,0,23307,44597,0.0,0.0,13.0,200,observed_listed_broadcasts,2023-08-18,True,0.0
RUSSIA1,2023-08-19,2,2,0,0,6422,11588,0.0,0.0,1.0,200,observed_listed_broadcasts,2023-08-19,True,0.0
RUSSIA1,2023-08-20,5,5,0,0,25189,49653,1.0,7.0,17.0,200,observed_listed_broadcasts,2023-08-20,True,1.0
RUSSIA1,2023-08-21,15,15,0,0,70191,133843,10.0,2.0,35.0,200,observed_listed_broadcasts,2023-08-21,True,10.0
RUSSIA1,2023-08-22,13,13,0,0,66776,121101,0.0,0.0,18.0,200,observed_listed_broadcasts,2023-08-22,True,0.0
RUSSIA1,2023-08-23,14,14,0,0,65329,113520,3.0,0.0,48.0,200,observed_listed_broadcasts,2023-08-23,True,3.0
RUSSIA1,2023-08-24,8,8,0,0,38554,57127,1.0,0.0,51.0,200,observed_listed_broadcasts,2023-08-24,True,1.0
RUSSIA1,2023-08-25,13,13,0,0,61802,105180,7.0,0.0,174.0,200,observed_listed_broadcasts,2023-08-25,True,7.0
RUSSIA1,2023-08-26,4,4,0,0,11090,19048,0.0,0.0,2.0,200,observed_listed_broadcasts,2023-08-26,True,0.0
RUSSIA1,2023-08-27,6,6,0,0,27891,53230,2.0,1.0,15.0,200,observed_listed_broadcasts,2023-08-27,True,2.0
RUSSIA1,2023-08-28,12,12,0,0,40693,73722,1.0,1.0,27.0,200,observed_listed_broadcasts,2023-08-28,True,1.0
RUSSIA1,2023-08-29,14,14,0,0,57781,90668,5.0,0.0,39.0,200,observed_listed_broadcasts,2023-08-29,True,5.0
RUSSIA1,2023-08-30,14,14,0,0,65090,124506,4.0,3.0,32.0,200,observed_listed_broadcasts,2023-08-30,True,4.0
RUSSIA1,2023-08-31,6,6,0,0,29829,58117,9.0,1.0,8.0,200,observed_listed_broadcasts,2023-08-31,True,9.0
RUSSIA1,2023-09-01,0,0,0,0,0,0,,,,404,incomplete_or_missing,2023-09-01,False,
RUSSIA1,2023-09-02,3,3,0,0,26030,35741,0.0,0.0,0.0,200,observed_listed_broadcasts,2023-09-02,True,0.0
RUSSIA1,2023-09-03,8,8,0,0,44522,72116,1.0,0.0,17.0,200,observed_listed_broadcasts,2023-09-03,True,1.0
RUSSIA1,2023-09-04,16,16,0,0,76236,138888,1.0,1.0,0.0,200,observed_listed_broadcasts,2023-09-04,True,1.0
RUSSIA1,2023-09-05,18,18,0,0,77853,143227,2.0,2.0,21.0,200,observed_listed_broadcasts,2023-09-05,True,2.0
RUSSIA1,2023-09-06,16,16,0,0,80724,137256,3.0,3.0,10.0,200,observed_listed_broadcasts,2023-09-06,True,3.0
RUSSIA1,2023-09-07,16,16,0,0,72872,132879,1.0,2.0,31.0,200,observed_listed_broadcasts,2023-09-07,True,1.0
RUSSIA1,2023-09-08,13,13,0,0,55958,106856,19.0,0.0,2.0,200,observed_listed_broadcasts,2023-09-08,True,19.0
RUSSIA1,2023-09-09,10,10,0,0,34831,54697,0.0,0.0,3.0,200,observed_listed_broadcasts,2023-09-09,True,0.0
RUSSIA1,2023-09-10,8,8,0,0,44494,71525,6.0,1.0,13.0,200,observed_listed_broadcasts,2023-09-10,True,6.0
RUSSIA1,2023-09-11,17,17,0,0,76899,140833,5.0,0.0,15.0,200,observed_listed_broadcasts,2023-09-11,True,5.0
RUSSIA1,2023-09-12,17,17,0,0,78847,147984,2.0,6.0,35.0,200,observed_listed_broadcasts,2023-09-12,True,2.0
RUSSIA1,2023-09-13,14,14,0,0,67694,129349,2.0,0.0,37.0,200,observed_listed_broadcasts,2023-09-13,True,2.0
RUSSIA1,2023-09-14,15,15,0,0,68897,133776,2.0,2.0,16.0,200,observed_listed_broadcasts,2023-09-14,True,2.0
RUSSIA1,2023-09-15,11,11,0,0,50128,95502,1.0,0.0,16.0,200,observed_listed_broadcasts,2023-09-15,True,1.0
RUSSIA1,2023-09-16,9,9,0,0,20951,38993,0.0,0.0,1.0,200,observed_listed_broadcasts,2023-09-16,True,0.0
RUSSIA1,2023-09-17,7,7,0,0,26874,50482,1.0,1.0,12.0,200,observed_listed_broadcasts,2023-09-17,True,1.0
RUSSIA1,2023-09-18,16,16,0,0,77524,148865,0.0,1.0,33.0,200,observed_listed_broadcasts,2023-09-18,True,0.0
RUSSIA1,2023-09-19,17,17,0,0,76647,145383,0.0,3.0,17.0,200,observed_listed_broadcasts,2023-09-19,True,0.0
RUSSIA1,2023-09-20,15,15,0,0,73785,135312,0.0,5.0,9.0,200,observed_listed_broadcasts,2023-09-20,True,0.0
RUSSIA1,2023-09-21,17,17,0,0,76191,140957,2.0,2.0,9.0,200,observed_listed_broadcasts,2023-09-21,True,2.0
RUSSIA1,2023-09-22,14,14,0,0,48040,88213,0.0,0.0,0.0,200,observed_listed_broadcasts,2023-09-22,True,0.0
RUSSIA1,2023-09-23,8,8,0,0,20572,38932,0.0,0.0,0.0,200,observed_listed_broadcasts,2023-09-23,True,0.0
RUSSIA1,2023-09-24,6,6,0,0,28255,54823,1.0,2.0,2.0,200,observed_listed_broadcasts,2023-09-24,True,1.0
RUSSIA1,2023-09-25,18,18,0,0,82614,154059,7.0,5.0,4.0,200,observed_listed_broadcasts,2023-09-25,True,7.0
RUSSIA1,2023-09-26,17,17,0,0,75691,149052,1.0,0.0,28.0,200,observed_listed_broadcasts,2023-09-26,True,1.0
RUSSIA1,2023-09-27,15,15,0,0,70773,135786,9.0,0.0,21.0,200,observed_listed_broadcasts,2023-09-27,True,9.0
RUSSIA1,2023-09-28,13,13,0,0,63769,123670,0.0,0.0,60.0,200,observed_listed_broadcasts,2023-09-28,True,0.0
RUSSIA1,2023-09-29,13,13,0,0,45097,87760,0.0,1.0,3.0,200,observed_listed_broadcasts,2023-09-29,True,0.0
RUSSIA1,2023-09-30,10,10,0,0,25130,46161,0.0,1.0,2.0,200,observed_listed_broadcasts,2023-09-30,True,0.0
RUSSIA1,2023-10-01,9,9,0,0,39893,73039,5.0,6.0,8.0,200,observed_listed_broadcasts,2023-10-01,True,5.0
RUSSIA1,2023-10-02,12,12,0,0,66770,133296,21.0,7.0,22.0,200,observed_listed_broadcasts,2023-10-02,True,21.0
RUSSIA1,2023-10-03,17,17,0,0,79603,158893,26.0,10.0,43.0,200,observed_listed_broadcasts,2023-10-03,True,26.0
RUSSIA1,2023-10-04,15,15,0,0,69301,138679,17.0,0.0,37.0,200,observed_listed_broadcasts,2023-10-04,True,17.0
RUSSIA1,2023-10-05,18,18,0,0,79346,148205,1.0,2.0,7.0,200,observed_listed_broadcasts,2023-10-05,True,1.0
RUSSIA1,2023-10-06,14,14,0,0,58729,117330,3.0,0.0,44.0,200,observed_listed_broadcasts,2023-10-06,True,3.0
RUSSIA1,2023-10-07,8,8,0,0,21844,41466,0.0,0.0,5.0,200,observed_listed_broadcasts,2023-10-07,True,0.0
RUSSIA1,2023-10-08,7,7,0,0,41483,72413,0.0,0.0,10.0,200,observed_listed_broadcasts,2023-10-08,True,0.0
RUSSIA1,2023-10-09,17,17,0,0,84679,158360,5.0,0.0,25.0,200,observed_listed_broadcasts,2023-10-09,True,5.0
RUSSIA1,2023-10-10,17,17,0,0,75662,140571,0.0,0.0,8.0,200,observed_listed_broadcasts,2023-10-10,True,0.0
RUSSIA1,2023-10-11,19,19,0,0,66511,128148,0.0,0.0,5.0,200,observed_listed_broadcasts,2023-10-11,True,0.0
RUSSIA1,2023-10-12,18,18,0,0,67080,129469,1.0,0.0,9.0,200,observed_listed_broadcasts,2023-10-12,True,1.0
RUSSIA1,2023-10-13,13,13,0,0,48484,91467,0.0,1.0,16.0,200,observed_listed_broadcasts,2023-10-13,True,0.0
RUSSIA1,2023-10-14,7,7,0,0,17213,32145,0.0,0.0,0.0,200,observed_listed_broadcasts,2023-10-14,True,0.0
RUSSIA1,2023-10-15,8,8,0,0,42169,75689,5.0,0.0,1.0,200,observed_listed_broadcasts,2023-10-15,True,5.0
RUSSIA1,2023-10-16,18,18,0,0,77733,147745,1.0,1.0,24.0,200,observed_listed_broadcasts,2023-10-16,True,1.0
RUSSIA1,2023-10-17,17,17,0,0,76002,142629,0.0,2.0,15.0,200,observed_listed_broadcasts,2023-10-17,True,0.0
RUSSIA1,2023-10-18,16,16,0,0,67271,101959,0.0,0.0,6.0,200,observed_listed_broadcasts,2023-10-18,True,0.0
RUSSIA1,2023-10-19,19,19,0,0,85721,156798,5.0,3.0,9.0,200,observed_listed_broadcasts,2023-10-19,True,5.0
RUSSIA1,2023-10-20,12,12,0,0,45585,88062,0.0,0.0,12.0,200,observed_listed_broadcasts,2023-10-20,True,0.0
RUSSIA1,2023-10-21,7,7,0,0,15697,30875,0.0,0.0,1.0,200,observed_listed_broadcasts,2023-10-21,True,0.0
RUSSIA1,2023-10-22,7,7,0,0,31665,56166,4.0,1.0,3.0,200,observed_listed_broadcasts,2023-10-22,True,4.0
RUSSIA1,2023-10-23,17,17,0,0,68089,129726,1.0,1.0,11.0,200,observed_listed_broadcasts,2023-10-23,True,1.0
RUSSIA1,2023-10-24,18,18,0,0,73664,141520,1.0,1.0,10.0,200,observed_listed_broadcasts,2023-10-24,True,1.0
RUSSIA1,2023-10-25,17,17,0,0,66701,129136,1.0,0.0,17.0,200,observed_listed_broadcasts,2023-10-25,True,1.0
RUSSIA1,2023-10-26,18,18,0,0,68572,133474,5.0,1.0,22.0,200,observed_listed_broadcasts,2023-10-26,True,5.0
RUSSIA1,2023-10-27,13,13,0,0,44580,80566,0.0,0.0,6.0,200,observed_listed_broadcasts,2023-10-27,True,0.0
RUSSIA1,2023-10-28,9,9,0,0,30768,58106,0.0,6.0,0.0,200,observed_listed_broadcasts,2023-10-28,True,0.0
RUSSIA1,2023-10-29,8,8,0,0,42349,78995,4.0,2.0,2.0,200,observed_listed_broadcasts,2023-10-29,True,4.0
RUSSIA1,2023-10-30,17,17,0,0,70493,136571,0.0,1.0,9.0,200,observed_listed_broadcasts,2023-10-30,True,0.0
RUSSIA1,2023-10-31,19,19,0,0,74499,140708,3.0,1.0,2.0,200,observed_listed_broadcasts,2023-10-31,True,3.0
RUSSIA1,2023-11-01,20,20,0,0,83835,154525,1.0,3.0,4.0,200,observed_listed_broadcasts,2023-11-01,True,1.0
RUSSIA1,2023-11-02,18,18,0,0,59739,112696,3.0,1.0,12.0,200,observed_listed_broadcasts,2023-11-02,True,3.0
RUSSIA1,2023-11-03,14,14,0,0,54935,98222,4.0,1.0,3.0,200,observed_listed_broadcasts,2023-11-03,True,4.0
RUSSIA1,2023-11-04,6,6,0,0,15570,26064,0.0,0.0,0.0,200,observed_listed_broadcasts,2023-11-04,True,0.0
RUSSIA1,2023-11-05,7,7,0,0,29938,54252,1.0,0.0,0.0,200,observed_listed_broadcasts,2023-11-05,True,1.0
RUSSIA1,2023-11-06,4,4,0,0,29013,41403,11.0,1.0,0.0,200,observed_listed_broadcasts,2023-11-06,True,11.0
RUSSIA1,2023-11-07,18,18,0,0,75310,141890,5.0,0.0,6.0,200,observed_listed_broadcasts,2023-11-07,True,5.0
RUSSIA1,2023-11-08,20,20,0,0,83771,148337,0.0,6.0,40.0,200,observed_listed_broadcasts,2023-11-08,True,0.0
RUSSIA1,2023-11-09,19,19,0,0,75372,142398,2.0,0.0,50.0,200,observed_listed_broadcasts,2023-11-09,True,2.0
RUSSIA1,2023-11-10,15,15,0,0,59234,107480,0.0,1.0,27.0,200,observed_listed_broadcasts,2023-11-10,True,0.0
RUSSIA1,2023-11-11,9,9,0,0,33672,57624,0.0,0.0,3.0,200,observed_listed_broadcasts,2023-11-11,True,0.0
RUSSIA1,2023-11-12,8,8,0,0,38317,66088,1.0,1.0,8.0,200,observed_listed_broadcasts,2023-11-12,True,1.0
RUSSIA1,2023-11-13,17,17,0,0,64745,121084,3.0,1.0,35.0,200,observed_listed_broadcasts,2023-11-13,True,3.0
RUSSIA1,2023-11-14,11,11,0,0,45038,87454,1.0,0.0,12.0,200,observed_listed_broadcasts,2023-11-14,True,1.0
RUSSIA1,2023-11-15,19,19,0,0,81913,146453,0.0,0.0,15.0,200,observed_listed_broadcasts,2023-11-15,True,0.0
RUSSIA1,2023-11-16,16,16,0,0,53509,97976,0.0,0.0,31.0,200,observed_listed_broadcasts,2023-11-16,True,0.0
RUSSIA1,2023-11-17,12,12,0,0,50294,88985,1.0,3.0,27.0,200,observed_listed_broadcasts,2023-11-17,True,1.0
RUSSIA1,2023-11-18,10,10,0,0,26667,42834,2.0,0.0,0.0,200,observed_listed_broadcasts,2023-11-18,True,2.0
RUSSIA1,2023-11-19,8,8,0,0,40953,62061,1.0,0.0,11.0,200,observed_listed_broadcasts,2023-11-19,True,1.0
RUSSIA1,2023-11-20,16,16,0,0,70150,132965,0.0,1.0,53.0,200,observed_listed_broadcasts,2023-11-20,True,0.0
RUSSIA1,2023-11-21,20,20,0,0,84683,149660,0.0,0.0,12.0,200,observed_listed_broadcasts,2023-11-21,True,0.0
RUSSIA1,2023-11-22,14,14,0,0,57088,108150,0.0,1.0,3.0,200,observed_listed_broadcasts,2023-11-22,True,0.0
RUSSIA1,2023-11-23,14,14,0,0,64842,124896,1.0,0.0,35.0,200,observed_listed_broadcasts,2023-11-23,True,1.0
RUSSIA1,2023-11-24,15,15,0,0,63088,124395,0.0,0.0,17.0,200,observed_listed_broadcasts,2023-11-24,True,0.0
RUSSIA1,2023-11-25,8,8,0,0,22652,41196,0.0,0.0,0.0,200,observed_listed_broadcasts,2023-11-25,True,0.0
RUSSIA1,2023-11-26,5,5,0,0,25172,46533,6.0,5.0,14.0,200,observed_listed_broadcasts,2023-11-26,True,6.0
RUSSIA1,2023-11-27,15,15,0,0,60960,110561,0.0,0.0,5.0,200,observed_listed_broadcasts,2023-11-27,True,0.0
RUSSIA1,2023-11-28,16,16,0,0,73900,134311,4.0,0.0,11.0,200,observed_listed_broadcasts,2023-11-28,True,4.0
RUSSIA1,2023-11-29,15,15,0,0,70285,132292,3.0,4.0,4.0,200,observed_listed_broadcasts,2023-11-29,True,3.0
RUSSIA1,2023-11-30,17,17,0,0,62688,101732,0.0,3.0,3.0,200,observed_listed_broadcasts,2023-11-30,True,0.0
RUSSIA1,2023-12-01,15,15,0,0,59243,108701,8.0,2.0,9.0,200,observed_listed_broadcasts,2023-12-01,True,8.0
RUSSIA1,2023-12-02,11,11,0,0,27529,48927,0.0,6.0,0.0,200,observed_listed_broadcasts,2023-12-02,True,0.0
RUSSIA1,2023-12-03,8,8,0,0,32124,58870,5.0,1.0,4.0,200,observed_listed_broadcasts,2023-12-03,True,5.0
RUSSIA1,2023-12-04,18,18,0,0,80489,149913,0.0,1.0,22.0,200,observed_listed_broadcasts,2023-12-04,True,0.0
RUSSIA1,2023-12-05,18,18,0,0,63872,122169,0.0,0.0,39.0,200,observed_listed_broadcasts,2023-12-05,True,0.0
RUSSIA1,2023-12-06,17,17,0,0,76075,94361,0.0,0.0,7.0,200,observed_listed_broadcasts,2023-12-06,True,0.0
RUSSIA1,2023-12-07,15,15,0,0,49426,65184,2.0,5.0,15.0,200,observed_listed_broadcasts,2023-12-07,True,2.0
RUSSIA1,2023-12-08,15,15,0,0,56339,84130,0.0,0.0,12.0,200,observed_listed_broadcasts,2023-12-08,True,0.0
RUSSIA1,2023-12-09,8,8,0,0,18744,28024,0.0,0.0,0.0,200,observed_listed_broadcasts,2023-12-09,True,0.0
RUSSIA1,2023-12-10,8,8,0,0,30856,41794,3.0,0.0,11.0,200,observed_listed_broadcasts,2023-12-10,True,3.0
RUSSIA1,2023-12-11,18,18,0,0,78624,114882,3.0,0.0,31.0,200,observed_listed_broadcasts,2023-12-11,True,3.0
RUSSIA1,2023-12-12,20,20,0,0,80550,118138,1.0,0.0,8.0,200,observed_listed_broadcasts,2023-12-12,True,1.0
RUSSIA1,2023-12-13,17,17,0,0,57337,82950,1.0,1.0,6.0,200,observed_listed_broadcasts,2023-12-13,True,1.0
RUSSIA1,2023-12-14,16,16,0,0,58362,77589,0.0,0.0,4.0,200,observed_listed_broadcasts,2023-12-14,True,0.0
RUSSIA1,2023-12-15,15,15,0,0,49619,69505,1.0,3.0,3.0,200,observed_listed_broadcasts,2023-12-15,True,1.0
RUSSIA1,2023-12-16,9,9,0,0,34432,42357,0.0,0.0,0.0,200,observed_listed_broadcasts,2023-12-16,True,0.0
RUSSIA1,2023-12-17,9,9,0,0,30399,40144,1.0,0.0,4.0,200,observed_listed_broadcasts,2023-12-17,True,1.0
RUSSIA1,2023-12-18,17,17,0,0,60768,85470,0.0,0.0,18.0,200,observed_listed_broadcasts,2023-12-18,True,0.0
RUSSIA1,2023-12-19,19,19,0,0,69692,97400,1.0,0.0,10.0,200,observed_listed_broadcasts,2023-12-19,True,1.0
RUSSIA1,2023-12-20,19,19,0,0,71888,100255,4.0,1.0,34.0,200,observed_listed_broadcasts,2023-12-20,True,4.0
RUSSIA1,2023-12-21,20,20,0,0,82295,116146,7.0,1.0,86.0,200,observed_listed_broadcasts,2023-12-21,True,7.0
RUSSIA1,2023-12-22,13,13,0,0,41908,54684,4.0,2.0,34.0,200,observed_listed_broadcasts,2023-12-22,True,4.0
RUSSIA1,2023-12-23,10,10,0,0,31091,42181,1.0,0.0,1.0,200,observed_listed_broadcasts,2023-12-23,True,1.0
RUSSIA1,2023-12-24,9,9,0,0,47621,58807,6.0,1.0,10.0,200,observed_listed_broadcasts,2023-12-24,True,6.0
RUSSIA1,2023-12-25,13,13,0,0,42836,64044,0.0,0.0,4.0,200,observed_listed_broadcasts,2023-12-25,True,0.0
RUSSIA1,2023-12-26,16,16,0,0,62834,86685,2.0,1.0,7.0,200,observed_listed_broadcasts,2023-12-26,True,2.0
RUSSIA1,2023-12-27,16,16,0,0,47705,71117,1.0,0.0,10.0,200,observed_listed_broadcasts,2023-12-27,True,1.0
RUSSIA1,2023-12-28,17,17,0,0,72298,107472,1.0,0.0,23.0,200,observed_listed_broadcasts,2023-12-28,True,1.0
RUSSIA1,2023-12-29,11,11,0,0,35442,53022,0.0,0.0,45.0,200,observed_listed_broadcasts,2023-12-29,True,0.0
RUSSIA1,2023-12-30,3,3,0,0,3773,4619,0.0,1.0,0.0,200,observed_listed_broadcasts,2023-12-30,True,0.0
RUSSIA1,2023-12-31,1,1,0,0,360,375,0.0,0.0,0.0,200,observed_listed_broadcasts,2023-12-31,True,0.0
RUSSIA1,2024-01-01,2,2,0,0,27728,25109,0.0,0.0,0.0,200,observed_listed_broadcasts,2024-01-01,True,0.0
RUSSIA1,2024-01-02,7,7,0,0,20229,27841,0.0,0.0,3.0,200,observed_listed_broadcasts,2024-01-02,True,0.0
RUSSIA1,2024-01-03,7,7,0,0,17509,26193,0.0,0.0,0.0,200,observed_listed_broadcasts,2024-01-03,True,0.0
RUSSIA1,2024-01-04,7,7,0,0,17813,23814,0.0,0.0,3.0,200,observed_listed_broadcasts,2024-01-04,True,0.0
RUSSIA1,2024-01-05,7,7,0,0,24709,35547,0.0,1.0,10.0,200,observed_listed_broadcasts,2024-01-05,True,0.0
RUSSIA1,2024-01-06,2,2,0,0,11518,8156,0.0,0.0,0.0,200,observed_listed_broadcasts,2024-01-06,True,0.0
RUSSIA1,2024-01-07,4,4,0,0,9536,12765,0.0,0.0,0.0,200,observed_listed_broadcasts,2024-01-07,True,0.0
RUSSIA1,2024-01-08,4,4,0,0,20340,26630,0.0,0.0,19.0,200,observed_listed_broadcasts,2024-01-08,True,0.0
RUSSIA1,2024-01-09,13,13,0,0,54767,88428,0.0,0.0,32.0,200,observed_listed_broadcasts,2024-01-09,True,0.0
RUSSIA1,2024-01-10,15,15,0,0,58483,88919,1.0,2.0,15.0,200,observed_listed_broadcasts,2024-01-10,True,1.0
RUSSIA1,2024-01-11,16,16,0,0,56972,83571,0.0,0.0,38.0,200,observed_listed_broadcasts,2024-01-11,True,0.0
RUSSIA1,2024-01-12,12,12,0,0,44449,66603,0.0,0.0,30.0,200,observed_listed_broadcasts,2024-01-12,True,0.0
RUSSIA1,2024-01-13,8,8,0,0,22671,32191,1.0,1.0,1.0,200,observed_listed_broadcasts,2024-01-13,True,1.0
RUSSIA1,2024-01-14,7,7,0,0,27659,40976,0.0,1.0,10.0,200,observed_listed_broadcasts,2024-01-14,True,0.0
RUSSIA1,2024-01-15,16,16,0,0,67165,100344,0.0,1.0,50.0,200,observed_listed_broadcasts,2024-01-15,True,0.0
RUSSIA1,2024-01-16,17,17,0,0,72388,108495,0.0,0.0,78.0,200,observed_listed_broadcasts,2024-01-16,True,0.0
RUSSIA1,2024-01-17,14,14,0,0,61576,70120,0.0,1.0,49.0,200,observed_listed_broadcasts,2024-01-17,True,0.0
RUSSIA1,2024-01-18,15,15,0,0,48867,71243,1.0,3.0,31.0,200,observed_listed_broadcasts,2024-01-18,True,1.0
RUSSIA1,2024-01-19,13,13,0,0,47268,68434,0.0,0.0,68.0,200,observed_listed_broadcasts,2024-01-19,True,0.0
RUSSIA1,2024-01-20,7,7,0,0,15997,23846,0.0,6.0,0.0,200,observed_listed_broadcasts,2024-01-20,True,0.0
RUSSIA1,2024-01-21,7,7,0,0,27937,40040,4.0,65.0,52.0,200,observed_listed_broadcasts,2024-01-21,True,4.0
RUSSIA1,2024-01-22,15,15,0,0,54228,81247,7.0,1.0,109.0,200,observed_listed_broadcasts,2024-01-22,True,7.0
RUSSIA1,2024-01-23,17,17,0,0,59502,89698,4.0,1.0,62.0,200,observed_listed_broadcasts,2024-01-23,True,4.0
RUSSIA1,2024-01-24,17,17,0,0,54386,78640,5.0,1.0,85.0,200,observed_listed_broadcasts,2024-01-24,True,5.0
RUSSIA1,2024-01-25,16,16,0,0,63061,94859,11.0,0.0,43.0,200,observed_listed_broadcasts,2024-01-25,True,11.0
RUSSIA1,2024-01-26,14,14,0,0,56327,79925,2.0,5.0,29.0,200,observed_listed_broadcasts,2024-01-26,True,2.0
RUSSIA1,2024-01-27,9,9,0,0,31432,40748,5.0,1.0,3.0,200,observed_listed_broadcasts,2024-01-27,True,5.0
RUSSIA1,2024-01-28,8,8,0,0,38881,44486,4.0,3.0,20.0,200,observed_listed_broadcasts,2024-01-28,True,4.0
RUSSIA1,2024-01-29,16,16,0,0,56105,82211,4.0,3.0,47.0,200,observed_listed_broadcasts,2024-01-29,True,4.0
RUSSIA1,2024-01-30,17,17,0,0,52298,74481,0.0,3.0,23.0,200,observed_listed_broadcasts,2024-01-30,True,0.0
RUSSIA1,2024-01-31,18,18,0,0,62245,81545,4.0,1.0,11.0,200,observed_listed_broadcasts,2024-01-31,True,4.0
RUSSIA1,2024-02-01,18,18,0,0,59790,86320,1.0,1.0,8.0,200,observed_listed_broadcasts,2024-02-01,True,1.0
RUSSIA1,2024-02-02,16,16,0,0,51958,70682,20.0,2.0,4.0,200,observed_listed_broadcasts,2024-02-02,True,20.0
RUSSIA1,2024-02-03,7,7,0,0,16003,24319,0.0,0.0,3.0,200,observed_listed_broadcasts,2024-02-03,True,0.0
RUSSIA1,2024-02-04,7,7,0,0,40313,54474,0.0,3.0,4.0,200,observed_listed_broadcasts,2024-02-04,True,0.0
RUSSIA1,2024-02-05,15,15,0,0,62794,95182,0.0,4.0,45.0,200,observed_listed_broadcasts,2024-02-05,True,0.0
RUSSIA1,2024-02-06,17,17,0,0,66988,100735,0.0,5.0,63.0,200,observed_listed_broadcasts,2024-02-06,True,0.0
RUSSIA1,2024-02-07,16,16,0,0,62865,91953,0.0,4.0,44.0,200,observed_listed_broadcasts,2024-02-07,True,0.0
RUSSIA1,2024-02-08,18,18,0,0,71076,99509,0.0,3.0,58.0,200,observed_listed_broadcasts,2024-02-08,True,0.0
RUSSIA1,2024-02-09,10,10,0,0,29928,42252,0.0,1.0,9.0,200,observed_listed_broadcasts,2024-02-09,True,0.0
RUSSIA1,2024-02-10,7,7,0,0,15744,23975,0.0,0.0,8.0,200,observed_listed_broadcasts,2024-02-10,True,0.0
RUSSIA1,2024-02-11,8,8,0,0,54602,68932,1.0,6.0,19.0,200,observed_listed_broadcasts,2024-02-11,True,1.0
RUSSIA1,2024-02-12,17,17,0,0,67369,100578,1.0,0.0,49.0,200,observed_listed_broadcasts,2024-02-12,True,1.0
RUSSIA1,2024-02-13,19,19,0,0,73113,106921,2.0,3.0,44.0,200,observed_listed_broadcasts,2024-02-13,True,2.0
RUSSIA1,2024-02-14,17,17,0,0,66909,102641,4.0,3.0,70.0,200,observed_listed_broadcasts,2024-02-14,True,4.0
RUSSIA1,2024-02-15,17,17,0,0,53869,81396,3.0,12.0,54.0,200,observed_listed_broadcasts,2024-02-15,True,3.0
RUSSIA1,2024-02-16,11,11,0,0,30747,44120,1.0,0.0,13.0,200,observed_listed_broadcasts,2024-02-16,True,1.0
RUSSIA1,2024-02-17,6,6,0,0,14766,22720,0.0,0.0,12.0,200,observed_listed_broadcasts,2024-02-17,True,0.0
RUSSIA1,2024-02-18,7,7,0,0,31923,41388,0.0,0.0,28.0,200,observed_listed_broadcasts,2024-02-18,True,0.0
RUSSIA1,2024-02-19,15,15,0,0,65334,94946,4.0,0.0,51.0,200,observed_listed_broadcasts,2024-02-19,True,4.0
RUSSIA1,2024-02-20,13,13,0,0,52698,76786,7.0,3.0,34.0,200,observed_listed_broadcasts,2024-02-20,True,7.0
RUSSIA1,2024-02-21,5,5,0,0,21596,28383,1.0,0.0,1.0,200,observed_listed_broadcasts,2024-02-21,True,1.0
RUSSIA1,2024-02-22,3,3,0,0,8857,4501,1.0,0.0,1.0,200,observed_listed_broadcasts,2024-02-22,True,1.0
RUSSIA1,2024-02-23,3,3,0,0,15410,16026,0.0,0.0,1.0,200,observed_listed_broadcasts,2024-02-23,True,0.0
RUSSIA1,2024-02-24,6,6,0,0,20151,28316,0.0,0.0,7.0,200,observed_listed_broadcasts,2024-02-24,True,0.0
RUSSIA1,2024-02-25,6,6,0,0,28990,37848,2.0,1.0,26.0,200,observed_listed_broadcasts,2024-02-25,True,2.0
RUSSIA1,2024-02-26,18,18,0,0,81623,118855,0.0,1.0,56.0,200,observed_listed_broadcasts,2024-02-26,True,0.0
RUSSIA1,2024-02-27,16,16,0,0,62714,92291,0.0,0.0,22.0,200,observed_listed_broadcasts,2024-02-27,True,0.0
RUSSIA1,2024-02-28,15,15,0,0,49487,73393,0.0,1.0,24.0,200,observed_listed_broadcasts,2024-02-28,True,0.0
RUSSIA1,2024-02-29,16,16,0,0,73840,106392,3.0,0.0,12.0,200,observed_listed_broadcasts,2024-02-29,True,3.0
RUSSIA1,2024-03-01,12,12,0,0,32507,45885,0.0,0.0,13.0,200,observed_listed_broadcasts,2024-03-01,True,0.0
RUSSIA1,2024-03-02,7,7,0,0,18097,25884,0.0,0.0,2.0,200,observed_listed_broadcasts,2024-03-02,True,0.0
RUSSIA1,2024-03-03,7,7,0,0,32629,42570,1.0,0.0,7.0,200,observed_listed_broadcasts,2024-03-03,True,1.0
RUSSIA1,2024-03-04,15,15,0,0,65862,95757,0.0,1.0,25.0,200,observed_listed_broadcasts,2024-03-04,True,0.0
RUSSIA1,2024-03-05,17,17,0,0,65306,89537,8.0,1.0,75.0,200,observed_listed_broadcasts,2024-03-05,True,8.0
RUSSIA1,2024-03-06,15,15,0,0,43186,60706,1.0,1.0,55.0,200,observed_listed_broadcasts,2024-03-06,True,1.0
RUSSIA1,2024-03-07,17,17,0,0,63280,87601,0.0,0.0,57.0,200,observed_listed_broadcasts,2024-03-07,True,0.0
RUSSIA1,2024-03-08,2,2,0,0,6182,9504,0.0,0.0,5.0,200,observed_listed_broadcasts,2024-03-08,True,0.0
RUSSIA1,2024-03-09,6,6,0,0,11174,15533,3.0,1.0,5.0,200,observed_listed_broadcasts,2024-03-09,True,3.0
RUSSIA1,2024-03-10,9,9,0,0,46707,62198,2.0,1.0,23.0,200,observed_listed_broadcasts,2024-03-10,True,2.0
RUSSIA1,2024-03-11,19,19,0,0,82323,118885,0.0,1.0,63.0,200,observed_listed_broadcasts,2024-03-11,True,0.0
RUSSIA1,2024-03-12,18,18,0,0,54497,78977,4.0,1.0,56.0,200,observed_listed_broadcasts,2024-03-12,True,4.0
RUSSIA1,2024-03-13,21,21,0,0,93557,135888,3.0,6.0,36.0,200,observed_listed_broadcasts,2024-03-13,True,3.0
RUSSIA1,2024-03-14,16,16,0,0,46612,64614,2.0,1.0,26.0,200,observed_listed_broadcasts,2024-03-14,True,2.0
RUSSIA1,2024-03-15,15,15,0,0,56082,86047,0.0,1.0,18.0,200,observed_listed_broadcasts,2024-03-15,True,0.0
RUSSIA1,2024-03-16,5,5,0,0,14087,19653,0.0,0.0,0.0,200,observed_listed_broadcasts,2024-03-16,True,0.0
RUSSIA1,2024-03-17,11,11,0,0,60619,79459,2.0,2.0,7.0,200,observed_listed_broadcasts,2024-03-17,True,2.0
RUSSIA1,2024-03-18,16,16,0,0,66903,95059,7.0,1.0,27.0,200,observed_listed_broadcasts,2024-03-18,True,7.0
RUSSIA1,2024-03-19,19,19,0,0,76052,109775,0.0,1.0,48.0,200,observed_listed_broadcasts,2024-03-19,True,0.0
RUSSIA1,2024-03-20,19,19,0,0,78478,110049,3.0,0.0,33.0,200,observed_listed_broadcasts,2024-03-20,True,3.0
RUSSIA1,2024-03-21,17,17,0,0,53327,75714,1.0,0.0,28.0,200,observed_listed_broadcasts,2024-03-21,True,1.0
RUSSIA1,2024-03-22,12,12,0,0,43885,64289,0.0,1.0,47.0,200,observed_listed_broadcasts,2024-03-22,True,0.0
RUSSIA1,2024-03-23,10,10,0,0,27308,41137,0.0,2.0,1.0,200,observed_listed_broadcasts,2024-03-23,True,0.0
RUSSIA1,2024-03-24,9,9,0,0,37985,49162,1.0,0.0,27.0,200,observed_listed_broadcasts,2024-03-24,True,1.0
RUSSIA1,2024-03-25,19,19,0,0,95067,136168,15.0,0.0,0.0,200,observed_listed_broadcasts,2024-03-25,True,15.0
RUSSIA1,2024-03-26,17,17,0,0,72013,98887,0.0,0.0,0.0,200,observed_listed_broadcasts,2024-03-26,True,0.0
RUSSIA1,2024-03-27,18,18,0,0,68563,78439,2.0,0.0,23.0,200,observed_listed_broadcasts,2024-03-27,True,2.0
RUSSIA1,2024-03-28,17,17,0,0,60186,89387,7.0,0.0,39.0,200,observed_listed_broadcasts,2024-03-28,True,7.0
RUSSIA1,2024-03-29,14,14,0,0,56329,88040,6.0,0.0,39.0,200,observed_listed_broadcasts,2024-03-29,True,6.0
RUSSIA1,2024-03-30,9,9,0,0,31033,48076,6.0,1.0,0.0,200,observed_listed_broadcasts,2024-03-30,True,6.0
RUSSIA1,2024-03-31,5,5,0,0,22763,31860,6.0,1.0,20.0,200,observed_listed_broadcasts,2024-03-31,True,6.0
RUSSIA1,2024-04-01,14,14,0,0,71733,108285,5.0,0.0,30.0,200,observed_listed_broadcasts,2024-04-01,True,5.0
RUSSIA1,2024-04-02,15,15,0,0,73118,108446,6.0,1.0,9.0,200,observed_listed_broadcasts,2024-04-02,True,6.0
RUSSIA1,2024-04-03,14,14,0,0,64578,92279,1.0,0.0,37.0,200,observed_listed_broadcasts,2024-04-03,True,1.0
RUSSIA1,2024-04-04,15,15,0,0,73405,112816,5.0,1.0,17.0,200,observed_listed_broadcasts,2024-04-04,True,5.0
RUSSIA1,2024-04-05,12,12,0,0,45978,65346,2.0,0.0,27.0,200,observed_listed_broadcasts,2024-04-05,True,2.0
RUSSIA1,2024-04-06,5,5,0,0,11684,18033,1.0,0.0,9.0,200,observed_listed_broadcasts,2024-04-06,True,1.0
RUSSIA1,2024-04-07,6,6,0,0,25875,34052,10.0,0.0,8.0,200,observed_listed_broadcasts,2024-04-07,True,10.0
RUSSIA1,2024-04-08,16,16,0,0,75169,110278,1.0,3.0,17.0,200,observed_listed_broadcasts,2024-04-08,True,1.0
RUSSIA1,2024-04-09,15,15,0,0,73800,109030,1.0,0.0,18.0,200,observed_listed_broadcasts,2024-04-09,True,1.0
RUSSIA1,2024-04-10,14,14,0,0,67431,99726,2.0,3.0,81.0,200,observed_listed_broadcasts,2024-04-10,True,2.0
RUSSIA1,2024-04-11,14,14,0,0,71368,107196,2.0,2.0,13.0,200,observed_listed_broadcasts,2024-04-11,True,2.0
RUSSIA1,2024-04-12,14,14,0,0,59517,87777,0.0,0.0,18.0,200,observed_listed_broadcasts,2024-04-12,True,0.0
RUSSIA1,2024-04-13,5,5,0,0,11707,18475,0.0,0.0,1.0,200,observed_listed_broadcasts,2024-04-13,True,0.0
RUSSIA1,2024-04-14,6,6,0,0,27263,39256,1.0,0.0,11.0,200,observed_listed_broadcasts,2024-04-14,True,1.0
RUSSIA1,2024-04-15,14,14,0,0,69207,102552,0.0,1.0,88.0,200,observed_listed_broadcasts,2024-04-15,True,0.0
RUSSIA1,2024-04-16,14,14,0,0,62923,96058,0.0,1.0,34.0,200,observed_listed_broadcasts,2024-04-16,True,0.0
RUSSIA1,2024-04-17,15,15,0,0,68963,107207,3.0,0.0,29.0,200,observed_listed_broadcasts,2024-04-17,True,3.0
RUSSIA1,2024-04-18,14,14,0,0,69811,103666,5.0,1.0,73.0,200,observed_listed_broadcasts,2024-04-18,True,5.0
RUSSIA1,2024-04-19,14,14,0,0,63248,91599,0.0,1.0,8.0,200,observed_listed_broadcasts,2024-04-19,True,0.0
RUSSIA1,2024-04-20,7,7,0,0,22299,28834,1.0,0.0,5.0,200,observed_listed_broadcasts,2024-04-20,True,1.0
RUSSIA1,2024-04-21,7,7,0,0,34842,47510,0.0,0.0,11.0,200,observed_listed_broadcasts,2024-04-21,True,0.0
RUSSIA1,2024-04-22,16,16,0,0,74906,112964,4.0,58.0,74.0,200,observed_listed_broadcasts,2024-04-22,True,4.0
RUSSIA1,2024-04-23,15,15,0,0,70734,104995,0.0,6.0,34.0,200,observed_listed_broadcasts,2024-04-23,True,0.0
RUSSIA1,2024-04-24,15,15,0,0,70705,107701,0.0,0.0,48.0,200,observed_listed_broadcasts,2024-04-24,True,0.0
RUSSIA1,2024-04-25,16,16,0,0,72187,108863,3.0,1.0,33.0,200,observed_listed_broadcasts,2024-04-25,True,3.0
RUSSIA1,2024-04-26,15,15,0,0,61146,92509,0.0,0.0,43.0,200,observed_listed_broadcasts,2024-04-26,True,0.0
RUSSIA1,2024-04-27,7,7,0,0,29527,43860,0.0,1.0,6.0,200,observed_listed_broadcasts,2024-04-27,True,0.0
RUSSIA1,2024-04-28,7,7,0,0,34004,46004,1.0,0.0,9.0,200,observed_listed_broadcasts,2024-04-28,True,1.0
RUSSIA1,2024-04-29,11,11,0,0,31878,45843,0.0,0.0,10.0,200,observed_listed_broadcasts,2024-04-29,True,0.0
RUSSIA1,2024-04-30,10,10,0,0,24934,37443,0.0,0.0,2.0,200,observed_listed_broadcasts,2024-04-30,True,0.0
RUSSIA1,2024-05-01,7,7,0,0,17248,26016,0.0,2.0,2.0,200,observed_listed_broadcasts,2024-05-01,True,0.0
RUSSIA1,2024-05-02,9,9,0,0,24835,37179,0.0,0.0,5.0,200,observed_listed_broadcasts,2024-05-02,True,0.0
RUSSIA1,2024-05-03,10,10,0,0,26729,40422,0.0,1.0,5.0,200,observed_listed_broadcasts,2024-05-03,True,0.0
RUSSIA1,2024-05-04,10,10,0,0,40160,46399,0.0,0.0,12.0,200,observed_listed_broadcasts,2024-05-04,True,0.0
RUSSIA1,2024-05-05,8,8,0,0,32999,46859,3.0,1.0,10.0,200,observed_listed_broadcasts,2024-05-05,True,3.0
RUSSIA1,2024-05-06,13,13,0,0,52574,75453,6.0,2.0,17.0,200,observed_listed_broadcasts,2024-05-06,True,6.0
RUSSIA1,2024-05-07,13,13,0,0,73055,102853,2.0,4.0,2.0,200,observed_listed_broadcasts,2024-05-07,True,2.0
RUSSIA1,2024-05-08,15,15,0,0,70467,103252,13.0,0.0,68.0,200,observed_listed_broadcasts,2024-05-08,True,13.0
RUSSIA1,2024-05-09,9,9,0,0,25736,27979,0.0,0.0,1.0,200,observed_listed_broadcasts,2024-05-09,True,0.0
RUSSIA1,2024-05-10,8,8,0,0,21796,28232,1.0,1.0,3.0,200,observed_listed_broadcasts,2024-05-10,True,1.0
RUSSIA1,2024-05-11,5,5,0,0,14444,22100,0.0,0.0,4.0,200,observed_listed_broadcasts,2024-05-11,True,0.0
RUSSIA1,2024-05-12,7,7,0,0,29222,37190,1.0,0.0,4.0,200,observed_listed_broadcasts,2024-05-12,True,1.0
RUSSIA1,2024-05-13,13,13,0,0,70774,103387,0.0,2.0,41.0,200,observed_listed_broadcasts,2024-05-13,True,0.0
RUSSIA1,2024-05-14,34,34,0,0,76129,111483,0.0,0.0,55.0,200,observed_listed_broadcasts,2024-05-14,True,0.0
RUSSIA1,2024-05-15,16,16,0,0,73292,109209,1.0,2.0,16.0,200,observed_listed_broadcasts,2024-05-15,True,1.0
RUSSIA1,2024-05-16,15,15,0,0,71419,106786,1.0,1.0,62.0,200,observed_listed_broadcasts,2024-05-16,True,1.0
RUSSIA1,2024-05-17,12,12,0,0,56475,84495,2.0,0.0,16.0,200,observed_listed_broadcasts,2024-05-17,True,2.0
RUSSIA1,2024-05-18,8,8,0,0,30957,49791,0.0,0.0,9.0,200,observed_listed_broadcasts,2024-05-18,True,0.0
RUSSIA1,2024-05-19,6,6,0,0,26755,38472,4.0,1.0,17.0,200,observed_listed_broadcasts,2024-05-19,True,4.0
RUSSIA1,2024-05-20,15,15,0,0,73611,109283,4.0,0.0,33.0,200,observed_listed_broadcasts,2024-05-20,True,4.0
RUSSIA1,2024-05-21,15,15,0,0,72532,105908,4.0,2.0,16.0,200,observed_listed_broadcasts,2024-05-21,True,4.0
RUSSIA1,2024-05-22,15,15,0,0,68997,102189,0.0,0.0,65.0,200,observed_listed_broadcasts,2024-05-22,True,0.0
RUSSIA1,2024-05-23,16,16,0,0,70542,107074,1.0,2.0,87.0,200,observed_listed_broadcasts,2024-05-23,True,1.0
RUSSIA1,2024-05-24,14,14,0,0,61728,89218,3.0,2.0,30.0,200,observed_listed_broadcasts,2024-05-24,True,3.0
RUSSIA1,2024-05-25,9,9,0,0,29031,42399,0.0,0.0,0.0,200,observed_listed_broadcasts,2024-05-25,True,0.0
RUSSIA1,2024-05-26,6,6,0,0,27127,36312,2.0,0.0,24.0,200,observed_listed_broadcasts,2024-05-26,True,2.0
RUSSIA1,2024-05-27,15,15,0,0,67595,99395,6.0,1.0,20.0,200,observed_listed_broadcasts,2024-05-27,True,6.0
RUSSIA1,2024-05-28,15,15,0,0,78363,108752,2.0,1.0,19.0,200,observed_listed_broadcasts,2024-05-28,True,2.0
RUSSIA1,2024-05-29,14,14,0,0,67904,101816,1.0,6.0,61.0,200,observed_listed_broadcasts,2024-05-29,True,1.0
RUSSIA1,2024-05-30,13,13,0,0,52907,74926,2.0,1.0,117.0,200,observed_listed_broadcasts,2024-05-30,True,2.0
RUSSIA1,2024-05-31,16,16,0,0,66122,92904,2.0,1.0,180.0,200,observed_listed_broadcasts,2024-05-31,True,2.0
RUSSIA1,2024-06-01,8,8,0,0,27174,38179,0.0,0.0,3.0,200,observed_listed_broadcasts,2024-06-01,True,0.0
RUSSIA1,2024-06-02,6,6,0,0,27351,38062,1.0,0.0,19.0,200,observed_listed_broadcasts,2024-06-02,True,1.0
RUSSIA1,2024-06-03,14,14,0,0,67421,96851,4.0,4.0,72.0,200,observed_listed_broadcasts,2024-06-03,True,4.0
RUSSIA1,2024-06-04,15,15,0,0,73490,107203,4.0,1.0,47.0,200,observed_listed_broadcasts,2024-06-04,True,4.0
RUSSIA1,2024-06-05,14,14,0,0,65004,94986,2.0,3.0,26.0,200,observed_listed_broadcasts,2024-06-05,True,2.0
RUSSIA1,2024-06-06,15,15,0,0,73495,99628,5.0,1.0,27.0,200,observed_listed_broadcasts,2024-06-06,True,5.0
RUSSIA1,2024-06-07,12,12,0,0,53628,75212,6.0,0.0,6.0,200,observed_listed_broadcasts,2024-06-07,True,6.0
RUSSIA1,2024-06-08,8,8,0,0,17276,25204,0.0,0.0,0.0,200,observed_listed_broadcasts,2024-06-08,True,0.0
RUSSIA1,2024-06-09,6,6,0,0,25830,35496,7.0,1.0,14.0,200,observed_listed_broadcasts,2024-06-09,True,7.0
RUSSIA1,2024-06-10,14,14,0,0,49787,71947,1.0,0.0,18.0,200,observed_listed_broadcasts,2024-06-10,True,1.0
RUSSIA1,2024-06-11,16,16,0,0,52379,76760,4.0,0.0,55.0,200,observed_listed_broadcasts,2024-06-11,True,4.0
RUSSIA1,2024-06-12,4,4,0,0,21238,27974,0.0,1.0,0.0,200,observed_listed_broadcasts,2024-06-12,True,0.0
RUSSIA1,2024-06-13,19,19,0,0,77036,107649,3.0,4.0,12.0,200,observed_listed_broadcasts,2024-06-13,True,3.0
RUSSIA1,2024-06-14,15,15,0,0,65377,95581,0.0,0.0,27.0,200,observed_listed_broadcasts,2024-06-14,True,0.0
RUSSIA1,2024-06-15,4,4,0,0,9111,14260,0.0,1.0,0.0,200,observed_listed_broadcasts,2024-06-15,True,0.0
RUSSIA1,2024-06-16,9,9,0,0,33540,46361,0.0,1.0,8.0,200,observed_listed_broadcasts,2024-06-16,True,0.0
RUSSIA1,2024-06-17,16,16,0,0,57659,83530,6.0,3.0,38.0,200,observed_listed_broadcasts,2024-06-17,True,6.0
RUSSIA1,2024-06-18,18,18,0,0,67052,98127,1.0,3.0,42.0,200,observed_listed_broadcasts,2024-06-18,True,1.0
RUSSIA1,2024-06-19,17,17,0,0,54098,78526,0.0,0.0,17.0,200,observed_listed_broadcasts,2024-06-19,True,0.0
RUSSIA1,2024-06-20,18,18,0,0,75781,107775,0.0,2.0,29.0,200,observed_listed_broadcasts,2024-06-20,True,0.0
RUSSIA1,2024-06-21,14,14,0,0,56312,81463,2.0,1.0,49.0,200,observed_listed_broadcasts,2024-06-21,True,2.0
RUSSIA1,2024-06-22,7,7,0,0,25000,33038,1.0,0.0,6.0,200,observed_listed_broadcasts,2024-06-22,True,1.0
RUSSIA1,2024-06-23,9,9,0,0,34719,50788,4.0,2.0,20.0,200,observed_listed_broadcasts,2024-06-23,True,4.0
RUSSIA1,2024-06-24,17,17,0,0,71928,111718,4.0,4.0,55.0,200,observed_listed_broadcasts,2024-06-24,True,4.0
RUSSIA1,2024-06-25,19,19,0,0,77593,112474,2.0,0.0,52.0,200,observed_listed_broadcasts,2024-06-25,True,2.0
RUSSIA1,2024-06-26,15,15,0,0,56092,79287,5.0,2.0,53.0,200,observed_listed_broadcasts,2024-06-26,True,5.0
RUSSIA1,2024-06-27,18,18,0,0,67632,103910,0.0,0.0,92.0,200,observed_listed_broadcasts,2024-06-27,True,0.0
RUSSIA1,2024-06-28,14,14,0,0,55441,81477,0.0,0.0,92.0,200,observed_listed_broadcasts,2024-06-28,True,0.0
RUSSIA1,2024-06-29,7,7,0,0,16006,23603,0.0,0.0,31.0,200,observed_listed_broadcasts,2024-06-29,True,0.0
RUSSIA1,2024-06-30,8,8,0,0,35495,48713,4.0,1.0,60.0,200,observed_listed_broadcasts,2024-06-30,True,4.0
RUSSIA1,2024-07-01,16,16,0,0,67694,99774,0.0,0.0,66.0,200,observed_listed_broadcasts,2024-07-01,True,0.0
RUSSIA1,2024-07-02,18,18,0,0,65244,96462,0.0,0.0,55.0,200,observed_listed_broadcasts,2024-07-02,True,0.0
RUSSIA1,2024-07-03,18,18,0,0,65234,99313,1.0,0.0,73.0,200,observed_listed_broadcasts,2024-07-03,True,1.0
RUSSIA1,2024-07-04,18,18,0,0,72214,107619,0.0,2.0,68.0,200,observed_listed_broadcasts,2024-07-04,True,0.0
RUSSIA1,2024-07-05,13,13,0,0,45433,68879,0.0,0.0,35.0,200,observed_listed_broadcasts,2024-07-05,True,0.0
RUSSIA1,2024-07-06,8,8,0,0,18290,24944,0.0,3.0,12.0,200,observed_listed_broadcasts,2024-07-06,True,0.0
RUSSIA1,2024-07-07,8,8,0,0,44980,60736,3.0,5.0,40.0,200,observed_listed_broadcasts,2024-07-07,True,3.0
RUSSIA1,2024-07-08,12,12,0,0,41056,59778,0.0,0.0,29.0,200,observed_listed_broadcasts,2024-07-08,True,0.0
RUSSIA1,2024-07-09,15,15,0,0,45266,65088,3.0,0.0,25.0,200,observed_listed_broadcasts,2024-07-09,True,3.0
RUSSIA1,2024-07-10,13,13,0,0,39756,57704,1.0,3.0,22.0,200,observed_listed_broadcasts,2024-07-10,True,1.0
RUSSIA1,2024-07-11,14,14,0,0,50997,81025,4.0,29.0,51.0,200,observed_listed_broadcasts,2024-07-11,True,4.0
RUSSIA1,2024-07-12,13,13,0,0,52346,77371,0.0,0.0,57.0,200,observed_listed_broadcasts,2024-07-12,True,0.0
RUSSIA1,2024-07-13,8,8,0,0,19909,25520,0.0,0.0,0.0,200,observed_listed_broadcasts,2024-07-13,True,0.0
RUSSIA1,2024-07-14,11,11,0,0,47750,68197,2.0,0.0,174.0,200,observed_listed_broadcasts,2024-07-14,True,2.0
RUSSIA1,2024-07-15,9,9,0,0,42288,65291,0.0,0.0,169.0,200,observed_listed_broadcasts,2024-07-15,True,0.0
RUSSIA1,2024-07-16,11,11,0,0,35005,53498,0.0,0.0,134.0,200,observed_listed_broadcasts,2024-07-16,True,0.0
RUSSIA1,2024-07-17,11,11,0,0,47425,45175,0.0,0.0,149.0,200,observed_listed_broadcasts,2024-07-17,True,0.0
RUSSIA1,2024-07-18,12,12,0,0,37023,55054,0.0,0.0,83.0,200,observed_listed_broadcasts,2024-07-18,True,0.0
RUSSIA1,2024-07-19,11,11,0,0,30344,46807,0.0,0.0,112.0,200,observed_listed_broadcasts,2024-07-19,True,0.0
RUSSIA1,2024-07-20,9,9,0,0,23928,32435,3.0,0.0,32.0,200,observed_listed_broadcasts,2024-07-20,True,3.0
RUSSIA1,2024-07-21,9,9,0,0,43376,62369,5.0,0.0,153.0,200,observed_listed_broadcasts,2024-07-21,True,5.0
RUSSIA1,2024-07-22,9,9,0,0,27667,42918,0.0,1.0,78.0,200,observed_listed_broadcasts,2024-07-22,True,0.0
RUSSIA1,2024-07-23,15,15,0,0,61762,93721,0.0,0.0,74.0,200,observed_listed_broadcasts,2024-07-23,True,0.0
RUSSIA1,2024-07-24,13,13,0,0,48771,75475,4.0,1.0,59.0,200,observed_listed_broadcasts,2024-07-24,True,4.0
RUSSIA1,2024-07-25,14,14,0,0,51818,76956,1.0,0.0,39.0,200,observed_listed_broadcasts,2024-07-25,True,1.0
RUSSIA1,2024-07-26,13,13,0,0,49381,74257,0.0,0.0,42.0,200,observed_listed_broadcasts,2024-07-26,True,0.0
RUSSIA1,2024-07-27,7,7,0,0,21525,31597,0.0,6.0,16.0,200,observed_listed_broadcasts,2024-07-27,True,0.0
RUSSIA1,2024-07-28,9,9,0,0,35632,46594,1.0,0.0,31.0,200,observed_listed_broadcasts,2024-07-28,True,1.0
RUSSIA1,2024-07-29,14,14,0,0,54501,81120,0.0,0.0,53.0,200,observed_listed_broadcasts,2024-07-29,True,0.0
RUSSIA1,2024-07-30,13,13,0,0,53858,80340,0.0,7.0,54.0,200,observed_listed_broadcasts,2024-07-30,True,0.0
RUSSIA1,2024-07-31,13,13,0,0,46790,70588,0.0,0.0,50.0,200,observed_listed_broadcasts,2024-07-31,True,0.0
RUSSIA1,2024-08-01,13,13,0,0,53543,81286,1.0,1.0,38.0,200,observed_listed_broadcasts,2024-08-01,True,1.0
RUSSIA1,2024-08-02,14,14,0,0,51064,75035,0.0,1.0,14.0,200,observed_listed_broadcasts,2024-08-02,True,0.0
RUSSIA1,2024-08-03,9,9,0,0,32031,44145,0.0,0.0,7.0,200,observed_listed_broadcasts,2024-08-03,True,0.0
RUSSIA1,2024-08-04,8,8,0,0,43979,59229,1.0,1.0,28.0,200,observed_listed_broadcasts,2024-08-04,True,1.0
RUSSIA1,2024-08-05,15,15,0,0,64489,93527,2.0,8.0,26.0,200,observed_listed_broadcasts,2024-08-05,True,2.0
RUSSIA1,2024-08-06,15,15,0,0,55460,85288,0.0,3.0,53.0,200,observed_listed_broadcasts,2024-08-06,True,0.0
RUSSIA1,2024-08-07,16,16,0,0,60321,88797,0.0,0.0,24.0,200,observed_listed_broadcasts,2024-08-07,True,0.0
RUSSIA1,2024-08-08,15,15,0,0,53494,78761,0.0,1.0,26.0,200,observed_listed_broadcasts,2024-08-08,True,0.0
RUSSIA1,2024-08-09,13,13,0,0,51460,79036,0.0,0.0,44.0,200,observed_listed_broadcasts,2024-08-09,True,0.0
RUSSIA1,2024-08-10,8,8,0,0,21483,34469,0.0,0.0,23.0,200,observed_listed_broadcasts,2024-08-10,True,0.0
RUSSIA1,2024-08-11,8,8,0,0,39136,58214,6.0,0.0,14.0,200,observed_listed_broadcasts,2024-08-11,True,6.0
RUSSIA1,2024-08-12,13,13,0,0,52124,78570,1.0,0.0,31.0,200,observed_listed_broadcasts,2024-08-12,True,1.0
RUSSIA1,2024-08-13,14,14,0,0,49417,77531,1.0,0.0,84.0,200,observed_listed_broadcasts,2024-08-13,True,1.0
RUSSIA1,2024-08-14,15,15,0,0,54470,84702,1.0,0.0,20.0,200,observed_listed_broadcasts,2024-08-14,True,1.0
RUSSIA1,2024-08-15,16,16,0,0,56754,84979,0.0,19.0,32.0,200,observed_listed_broadcasts,2024-08-15,True,0.0
RUSSIA1,2024-08-16,13,13,0,0,47754,70528,0.0,0.0,55.0,200,observed_listed_broadcasts,2024-08-16,True,0.0
RUSSIA1,2024-08-17,6,6,0,0,15958,24464,0.0,1.0,9.0,200,observed_listed_broadcasts,2024-08-17,True,0.0
RUSSIA1,2024-08-18,7,7,0,0,31919,45454,1.0,0.0,16.0,200,observed_listed_broadcasts,2024-08-18,True,1.0
RUSSIA1,2024-08-19,14,14,0,0,54535,77727,3.0,10.0,31.0,200,observed_listed_broadcasts,2024-08-19,True,3.0
RUSSIA1,2024-08-20,15,15,0,0,50977,76400,1.0,2.0,29.0,200,observed_listed_broadcasts,2024-08-20,True,1.0
RUSSIA1,2024-08-21,14,14,0,0,50547,70241,3.0,9.0,44.0,200,observed_listed_broadcasts,2024-08-21,True,3.0
RUSSIA1,2024-08-22,15,15,0,0,50982,75143,0.0,0.0,50.0,200,observed_listed_broadcasts,2024-08-22,True,0.0
RUSSIA1,2024-08-23,15,15,0,0,49782,72809,1.0,6.0,53.0,200,observed_listed_broadcasts,2024-08-23,True,1.0
RUSSIA1,2024-08-24,7,7,0,0,19001,31396,0.0,3.0,47.0,200,observed_listed_broadcasts,2024-08-24,True,0.0
RUSSIA1,2024-08-25,8,8,0,0,35582,53797,5.0,2.0,20.0,200,observed_listed_broadcasts,2024-08-25,True,5.0
RUSSIA1,2024-08-26,14,14,0,0,52416,79063,0.0,0.0,24.0,200,observed_listed_broadcasts,2024-08-26,True,0.0
RUSSIA1,2024-08-27,15,15,0,0,56073,86715,6.0,0.0,42.0,200,observed_listed_broadcasts,2024-08-27,True,6.0
RUSSIA1,2024-08-28,15,15,0,0,56096,81566,5.0,1.0,39.0,200,observed_listed_broadcasts,2024-08-28,True,5.0
RUSSIA1,2024-08-29,14,14,0,0,51425,76397,3.0,0.0,30.0,200,observed_listed_broadcasts,2024-08-29,True,3.0
RUSSIA1,2024-08-30,14,14,0,0,52430,77827,0.0,1.0,33.0,200,observed_listed_broadcasts,2024-08-30,True,0.0
RUSSIA1,2024-08-31,11,11,0,0,37972,71429,1.0,0.0,16.0,200,observed_listed_broadcasts,2024-08-31,True,1.0
RUSSIA1,2024-09-01,7,7,0,0,34382,49878,7.0,1.0,35.0,200,observed_listed_broadcasts,2024-09-01,True,7.0
RUSSIA1,2024-09-02,15,15,0,0,61471,81860,1.0,0.0,24.0,200,observed_listed_broadcasts,2024-09-02,True,1.0
RUSSIA1,2024-09-03,15,15,0,0,62079,91108,3.0,1.0,27.0,200,observed_listed_broadcasts,2024-09-03,True,3.0
RUSSIA1,2024-09-04,15,15,0,0,64116,92340,3.0,1.0,10.0,200,observed_listed_broadcasts,2024-09-04,True,3.0
RUSSIA1,2024-09-05,16,16,0,0,70768,98915,0.0,0.0,49.0,200,observed_listed_broadcasts,2024-09-05,True,0.0
RUSSIA1,2024-09-06,16,16,0,0,62513,90570,1.0,0.0,45.0,200,observed_listed_broadcasts,2024-09-06,True,1.0
RUSSIA1,2024-09-07,8,8,0,0,30948,47179,1.0,1.0,34.0,200,observed_listed_broadcasts,2024-09-07,True,1.0
RUSSIA1,2024-09-08,7,7,0,0,31312,43922,0.0,1.0,27.0,200,observed_listed_broadcasts,2024-09-08,True,0.0
RUSSIA1,2024-09-09,17,17,0,0,74614,104497,1.0,2.0,107.0,200,observed_listed_broadcasts,2024-09-09,True,1.0
RUSSIA1,2024-09-10,16,16,0,0,67606,97780,2.0,3.0,54.0,200,observed_listed_broadcasts,2024-09-10,True,2.0
RUSSIA1,2024-09-11,14,14,0,0,49358,70178,1.0,1.0,133.0,200,observed_listed_broadcasts,2024-09-11,True,1.0
RUSSIA1,2024-09-12,16,16,0,0,67519,95971,2.0,1.0,65.0,200,observed_listed_broadcasts,2024-09-12,True,2.0
RUSSIA1,2024-09-13,14,14,0,0,55720,81560,0.0,0.0,52.0,200,observed_listed_broadcasts,2024-09-13,True,0.0
RUSSIA1,2024-09-14,6,6,0,0,18322,27845,0.0,0.0,8.0,200,observed_listed_broadcasts,2024-09-14,True,0.0
RUSSIA1,2024-09-15,8,8,0,0,37447,49554,0.0,0.0,14.0,200,observed_listed_broadcasts,2024-09-15,True,0.0
RUSSIA1,2024-09-16,16,16,0,0,70542,101073,0.0,0.0,161.0,200,observed_listed_broadcasts,2024-09-16,True,0.0
RUSSIA1,2024-09-17,16,16,0,0,68028,101586,4.0,3.0,142.0,200,observed_listed_broadcasts,2024-09-17,True,4.0
RUSSIA1,2024-09-18,18,18,0,0,73086,107339,1.0,0.0,45.0,200,observed_listed_broadcasts,2024-09-18,True,1.0
RUSSIA1,2024-09-19,16,16,0,0,61595,91959,0.0,2.0,76.0,200,observed_listed_broadcasts,2024-09-19,True,0.0
RUSSIA1,2024-09-20,15,15,0,0,52836,79532,0.0,0.0,41.0,200,observed_listed_broadcasts,2024-09-20,True,0.0
RUSSIA1,2024-09-21,8,8,0,0,18435,29038,0.0,0.0,6.0,200,observed_listed_broadcasts,2024-09-21,True,0.0
RUSSIA1,2024-09-22,8,8,0,0,32284,44932,1.0,0.0,25.0,200,observed_listed_broadcasts,2024-09-22,True,1.0
RUSSIA1,2024-09-23,14,14,0,0,57813,94270,0.0,0.0,31.0,200,observed_listed_broadcasts,2024-09-23,True,0.0
RUSSIA1,2024-09-24,18,18,0,0,74558,107927,3.0,0.0,66.0,200,observed_listed_broadcasts,2024-09-24,True,3.0
RUSSIA1,2024-09-25,17,17,0,0,65566,98474,1.0,5.0,40.0,200,observed_listed_broadcasts,2024-09-25,True,1.0
RUSSIA1,2024-09-26,16,16,0,0,65996,93482,2.0,1.0,73.0,200,observed_listed_broadcasts,2024-09-26,True,2.0
RUSSIA1,2024-09-27,14,14,0,0,52716,80011,2.0,0.0,107.0,200,observed_listed_broadcasts,2024-09-27,True,2.0
RUSSIA1,2024-09-28,10,10,0,0,28622,38571,0.0,1.0,0.0,200,observed_listed_broadcasts,2024-09-28,True,0.0
RUSSIA1,2024-09-29,9,9,0,0,35322,50647,4.0,0.0,17.0,200,observed_listed_broadcasts,2024-09-29,True,4.0
RUSSIA1,2024-09-30,16,16,0,0,63934,92803,0.0,1.0,37.0,200,observed_listed_broadcasts,2024-09-30,True,0.0
RUSSIA1,2024-10-01,16,16,0,0,68326,102415,1.0,0.0,18.0,200,observed_listed_broadcasts,2024-10-01,True,1.0
RUSSIA1,2024-10-02,16,16,0,0,63650,92086,7.0,1.0,32.0,200,observed_listed_broadcasts,2024-10-02,True,7.0
RUSSIA1,2024-10-03,16,16,0,0,63222,95077,0.0,2.0,34.0,200,observed_listed_broadcasts,2024-10-03,True,0.0
RUSSIA1,2024-10-04,15,15,0,0,58462,85983,0.0,0.0,12.0,200,observed_listed_broadcasts,2024-10-04,True,0.0
RUSSIA1,2024-10-05,10,10,0,0,19362,30174,0.0,18.0,9.0,200,observed_listed_broadcasts,2024-10-05,True,0.0
RUSSIA1,2024-10-06,9,9,0,0,33506,45853,0.0,0.0,34.0,200,observed_listed_broadcasts,2024-10-06,True,0.0
RUSSIA1,2024-10-07,15,15,0,0,64491,94591,0.0,1.0,54.0,200,observed_listed_broadcasts,2024-10-07,True,0.0
RUSSIA1,2024-10-08,16,16,0,0,68474,101062,2.0,0.0,76.0,200,observed_listed_broadcasts,2024-10-08,True,2.0
RUSSIA1,2024-10-09,18,18,0,0,73640,105670,0.0,0.0,100.0,200,observed_listed_broadcasts,2024-10-09,True,0.0
RUSSIA1,2024-10-10,8,8,0,0,32228,43450,0.0,0.0,26.0,200,observed_listed_broadcasts,2024-10-10,True,0.0
RUSSIA1,2024-10-11,0,0,0,0,0,0,,,,404,incomplete_or_missing,2024-10-11,False,
RUSSIA1,2024-10-12,0,0,0,0,0,0,,,,404,incomplete_or_missing,2024-10-12,False,
RUSSIA1,2024-10-13,0,0,0,0,0,0,,,,404,incomplete_or_missing,2024-10-13,False,
RUSSIA1,2024-10-14,0,0,0,0,0,0,,,,404,incomplete_or_missing,2024-10-14,False,
RUSSIA1,2024-10-15,0,0,0,0,0,0,,,,404,incomplete_or_missing,2024-10-15,False,
RUSSIA1,2024-10-16,0,0,0,0,0,0,,,,404,incomplete_or_missing,2024-10-16,False,
RUSSIA1,2024-10-17,0,0,0,0,0,0,,,,404,incomplete_or_missing,2024-10-17,False,
RUSSIA1,2024-10-18,0,0,0,0,0,0,,,,404,incomplete_or_missing,2024-10-18,False,
RUSSIA1,2024-10-19,0,0,0,0,0,0,,,,404,incomplete_or_missing,2024-10-19,False,
RUSSIA1,2024-10-20,0,0,0,0,0,0,,,,404,incomplete_or_missing,2024-10-20,False,
RUSSIA1,2024-10-21,0,0,0,0,0,0,,,,404,incomplete_or_missing,2024-10-21,False,
RUSSIA1,2024-10-22,12,12,0,0,46417,55023,0.0,1.0,45.0,200,observed_listed_broadcasts,2024-10-22,True,0.0
RUSSIA1,2024-10-23,0,0,0,0,0,0,,,,404,incomplete_or_missing,2024-10-23,False,
RUSSIA1,2024-10-24,18,18,0,0,74796,87974,0.0,0.0,84.0,200,observed_listed_broadcasts,2024-10-24,True,0.0
RUSSIA1,2024-10-25,16,16,0,0,56371,67355,1.0,1.0,74.0,200,observed_listed_broadcasts,2024-10-25,True,1.0
RUSSIA1,2024-10-26,7,7,0,0,12104,16475,0.0,0.0,16.0,200,observed_listed_broadcasts,2024-10-26,True,0.0
RUSSIA1,2024-10-27,9,9,0,0,29594,34728,0.0,0.0,58.0,200,observed_listed_broadcasts,2024-10-27,True,0.0
RUSSIA1,2024-10-28,20,20,0,0,71422,88524,0.0,0.0,111.0,200,observed_listed_broadcasts,2024-10-28,True,0.0
RUSSIA1,2024-10-29,17,17,0,0,75975,97289,4.0,0.0,89.0,200,observed_listed_broadcasts,2024-10-29,True,4.0
RUSSIA1,2024-10-30,18,18,0,0,73361,85941,0.0,0.0,100.0,200,observed_listed_broadcasts,2024-10-30,True,0.0
RUSSIA1,2024-10-31,16,16,0,0,61600,83439,1.0,1.0,92.0,200,observed_listed_broadcasts,2024-10-31,True,1.0
RUSSIA1,2024-11-01,15,15,0,0,54546,66488,0.0,2.0,89.0,200,observed_listed_broadcasts,2024-11-01,True,0.0
RUSSIA1,2024-11-02,9,9,0,0,32599,41088,0.0,4.0,29.0,200,observed_listed_broadcasts,2024-11-02,True,0.0
RUSSIA1,2024-11-03,8,8,0,0,31045,39759,0.0,0.0,102.0,200,observed_listed_broadcasts,2024-11-03,True,0.0
RUSSIA1,2024-11-04,12,12,0,0,22266,26682,0.0,0.0,29.0,200,observed_listed_broadcasts,2024-11-04,True,0.0
RUSSIA1,2024-11-05,15,15,0,0,56267,71840,0.0,1.0,122.0,200,observed_listed_broadcasts,2024-11-05,True,0.0
RUSSIA1,2024-11-06,15,15,0,0,63514,79576,3.0,0.0,434.0,200,observed_listed_broadcasts,2024-11-06,True,3.0
RUSSIA1,2024-11-07,19,19,0,0,73146,95716,3.0,1.0,340.0,200,observed_listed_broadcasts,2024-11-07,True,3.0
RUSSIA1,2024-11-08,17,17,0,0,61351,79393,1.0,13.0,203.0,200,observed_listed_broadcasts,2024-11-08,True,1.0
RUSSIA1,2024-11-09,9,9,0,0,22399,32286,0.0,0.0,63.0,200,observed_listed_broadcasts,2024-11-09,True,0.0
RUSSIA1,2024-11-10,9,9,0,0,33808,42159,0.0,0.0,178.0,200,observed_listed_broadcasts,2024-11-10,True,0.0
RUSSIA1,2024-11-11,14,14,0,0,58359,70972,1.0,2.0,278.0,200,observed_listed_broadcasts,2024-11-11,True,1.0
RUSSIA1,2024-11-12,17,17,0,0,65776,87770,2.0,2.0,178.0,200,observed_listed_broadcasts,2024-11-12,True,2.0
RUSSIA1,2024-11-13,6,6,0,0,25313,28458,0.0,0.0,18.0,200,observed_listed_broadcasts,2024-11-13,True,0.0
RUSSIA1,2024-11-14,13,13,0,0,38117,46298,3.0,1.0,164.0,200,observed_listed_broadcasts,2024-11-14,True,3.0
RUSSIA1,2024-11-15,17,17,0,0,64294,76784,0.0,3.0,142.0,200,observed_listed_broadcasts,2024-11-15,True,0.0
RUSSIA1,2024-11-16,10,10,0,0,21956,27571,0.0,0.0,31.0,200,observed_listed_broadcasts,2024-11-16,True,0.0
RUSSIA1,2024-11-17,12,12,0,0,61116,66998,1.0,22.0,129.0,200,observed_listed_broadcasts,2024-11-17,True,1.0
RUSSIA1,2024-11-18,16,16,0,0,66959,81193,2.0,2.0,118.0,200,observed_listed_broadcasts,2024-11-18,True,2.0
RUSSIA1,2024-11-19,16,16,0,0,53941,67326,0.0,0.0,112.0,200,observed_listed_broadcasts,2024-11-19,True,0.0
RUSSIA1,2024-11-20,18,18,0,0,59583,73925,1.0,0.0,72.0,200,observed_listed_broadcasts,2024-11-20,True,1.0
RUSSIA1,2024-11-21,18,18,0,0,58885,73119,0.0,0.0,69.0,200,observed_listed_broadcasts,2024-11-21,True,0.0
RUSSIA1,2024-11-22,15,15,0,0,52185,68553,0.0,1.0,33.0,200,observed_listed_broadcasts,2024-11-22,True,0.0
RUSSIA1,2024-11-23,11,11,0,0,35742,40228,0.0,0.0,4.0,200,observed_listed_broadcasts,2024-11-23,True,0.0
RUSSIA1,2024-11-24,9,9,0,0,33409,40436,2.0,0.0,27.0,200,observed_listed_broadcasts,2024-11-24,True,2.0
RUSSIA1,2024-11-25,18,18,0,0,68126,81171,1.0,1.0,80.0,200,observed_listed_broadcasts,2024-11-25,True,1.0
RUSSIA1,2024-11-26,19,19,0,0,63005,74422,0.0,1.0,86.0,200,observed_listed_broadcasts,2024-11-26,True,0.0
RUSSIA1,2024-11-27,20,20,0,0,68191,89692,0.0,1.0,111.0,200,observed_listed_broadcasts,2024-11-27,True,0.0
RUSSIA1,2024-11-28,18,18,0,0,59452,80551,0.0,0.0,94.0,200,observed_listed_broadcasts,2024-11-28,True,0.0
RUSSIA1,2024-11-29,15,15,0,0,54279,65249,0.0,3.0,47.0,200,observed_listed_broadcasts,2024-11-29,True,0.0
RUSSIA1,2024-11-30,9,9,0,0,20925,26509,0.0,1.0,6.0,200,observed_listed_broadcasts,2024-11-30,True,0.0
RUSSIA1,2024-12-01,8,8,0,0,27905,32621,0.0,3.0,27.0,200,observed_listed_broadcasts,2024-12-01,True,0.0
RUSSIA1,2024-12-02,15,15,0,0,46921,57926,3.0,0.0,43.0,200,observed_listed_broadcasts,2024-12-02,True,3.0
RUSSIA1,2024-12-03,19,19,0,0,64794,72879,3.0,18.0,65.0,200,observed_listed_broadcasts,2024-12-03,True,3.0
RUSSIA1,2024-12-04,19,19,0,0,65169,75913,0.0,0.0,101.0,200,observed_listed_broadcasts,2024-12-04,True,0.0
RUSSIA1,2024-12-05,20,20,0,0,68971,80952,0.0,0.0,102.0,200,observed_listed_broadcasts,2024-12-05,True,0.0
RUSSIA1,2024-12-06,16,16,0,0,51935,61543,0.0,1.0,94.0,200,observed_listed_broadcasts,2024-12-06,True,0.0
RUSSIA1,2024-12-07,9,9,0,0,28132,38167,1.0,2.0,12.0,200,observed_listed_broadcasts,2024-12-07,True,1.0
RUSSIA1,2024-12-08,8,8,0,0,26152,28794,0.0,0.0,59.0,200,observed_listed_broadcasts,2024-12-08,True,0.0
RUSSIA1,2024-12-09,16,16,0,0,56182,67908,2.0,2.0,124.0,200,observed_listed_broadcasts,2024-12-09,True,2.0
RUSSIA1,2024-12-10,18,18,0,0,59553,69659,1.0,3.0,76.0,200,observed_listed_broadcasts,2024-12-10,True,1.0
RUSSIA1,2024-12-11,17,17,0,0,63553,74894,0.0,1.0,116.0,200,observed_listed_broadcasts,2024-12-11,True,0.0
RUSSIA1,2024-12-12,19,19,0,0,61861,71523,0.0,0.0,112.0,200,observed_listed_broadcasts,2024-12-12,True,0.0
RUSSIA1,2024-12-13,15,15,0,0,50668,67653,0.0,0.0,90.0,200,observed_listed_broadcasts,2024-12-13,True,0.0
RUSSIA1,2024-12-14,8,8,0,0,17270,22169,1.0,0.0,14.0,200,observed_listed_broadcasts,2024-12-14,True,1.0
RUSSIA1,2024-12-15,9,9,0,0,36990,42434,0.0,1.0,45.0,200,observed_listed_broadcasts,2024-12-15,True,0.0
RUSSIA1,2024-12-16,15,15,0,0,48697,56436,0.0,0.0,76.0,200,observed_listed_broadcasts,2024-12-16,True,0.0
RUSSIA1,2024-12-17,16,16,0,0,54488,64738,1.0,1.0,54.0,200,observed_listed_broadcasts,2024-12-17,True,1.0
RUSSIA1,2024-12-18,18,18,0,0,59858,72321,0.0,2.0,85.0,200,observed_listed_broadcasts,2024-12-18,True,0.0
RUSSIA1,2024-12-19,16,16,0,0,75862,91738,3.0,4.0,85.0,200,observed_listed_broadcasts,2024-12-19,True,3.0
RUSSIA1,2024-12-20,14,14,0,0,53049,60609,1.0,1.0,46.0,200,observed_listed_broadcasts,2024-12-20,True,1.0
RUSSIA1,2024-12-21,7,7,0,0,14513,18729,2.0,2.0,8.0,200,observed_listed_broadcasts,2024-12-21,True,2.0
RUSSIA1,2024-12-22,9,9,0,0,36888,41703,7.0,1.0,22.0,200,observed_listed_broadcasts,2024-12-22,True,7.0
RUSSIA1,2024-12-23,17,17,0,0,68490,80393,1.0,0.0,132.0,200,observed_listed_broadcasts,2024-12-23,True,1.0
RUSSIA1,2024-12-24,16,16,0,0,61226,81867,0.0,0.0,91.0,200,observed_listed_broadcasts,2024-12-24,True,0.0
RUSSIA1,2024-12-25,18,18,0,0,67953,78814,0.0,0.0,92.0,200,observed_listed_broadcasts,2024-12-25,True,0.0
RUSSIA1,2024-12-26,15,15,0,0,41344,52543,2.0,2.0,104.0,200,observed_listed_broadcasts,2024-12-26,True,2.0
RUSSIA1,2024-12-27,15,15,0,0,42280,50911,0.0,0.0,56.0,200,observed_listed_broadcasts,2024-12-27,True,0.0
RUSSIA1,2024-12-28,12,12,0,0,38496,54482,0.0,1.0,14.0,200,observed_listed_broadcasts,2024-12-28,True,0.0
RUSSIA1,2024-12-29,6,6,0,0,22703,27848,0.0,0.0,80.0,200,observed_listed_broadcasts,2024-12-29,True,0.0
RUSSIA1,2024-12-30,3,3,0,0,38150,38166,0.0,0.0,1.0,200,observed_listed_broadcasts,2024-12-30,True,0.0
RUSSIA1,2024-12-31,3,3,0,0,19610,17999,1.0,1.0,0.0,200,observed_listed_broadcasts,2024-12-31,True,1.0
RUSSIA1,2025-01-01,5,5,0,0,39326,37989,0.0,0.0,1.0,200,observed_listed_broadcasts,2025-01-01,True,0.0
RUSSIA1,2025-01-02,4,4,0,0,24346,29120,0.0,0.0,6.0,200,observed_listed_broadcasts,2025-01-02,True,0.0
RUSSIA1,2025-01-03,8,8,0,0,37382,39589,0.0,0.0,12.0,200,observed_listed_broadcasts,2025-01-03,True,0.0
RUSSIA1,2025-01-04,5,5,0,0,17690,24178,0.0,0.0,27.0,200,observed_listed_broadcasts,2025-01-04,True,0.0
RUSSIA1,2025-01-05,4,4,0,0,11822,14025,0.0,0.0,11.0,200,observed_listed_broadcasts,2025-01-05,True,0.0
RUSSIA1,2025-01-06,14,0,14,0,0,0,,,,200,incomplete_or_missing,2025-01-06,False,
RUSSIA1,2025-01-07,3,1,2,0,3063,4577,0.0,0.0,14.0,200,incomplete_or_missing,2025-01-07,False,
RUSSIA1,2025-01-08,3,3,0,0,10161,12225,0.0,2.0,11.0,200,observed_listed_broadcasts,2025-01-08,True,0.0
RUSSIA1,2025-01-09,8,8,0,0,45893,55921,0.0,0.0,133.0,200,observed_listed_broadcasts,2025-01-09,True,0.0
RUSSIA1,2025-01-10,9,9,0,0,48140,54970,1.0,1.0,110.0,200,observed_listed_broadcasts,2025-01-10,True,1.0
RUSSIA1,2025-01-11,4,4,0,0,8257,11293,0.0,0.0,9.0,200,observed_listed_broadcasts,2025-01-11,True,0.0
RUSSIA1,2025-01-12,5,5,0,0,41349,49092,1.0,0.0,113.0,200,observed_listed_broadcasts,2025-01-12,True,1.0
RUSSIA1,2025-01-13,14,14,0,0,61590,72860,1.0,0.0,122.0,200,observed_listed_broadcasts,2025-01-13,True,1.0
RUSSIA1,2025-01-14,17,17,0,0,55770,69126,0.0,0.0,134.0,200,observed_listed_broadcasts,2025-01-14,True,0.0
RUSSIA1,2025-01-15,14,14,0,0,47814,44814,0.0,0.0,115.0,200,observed_listed_broadcasts,2025-01-15,True,0.0
RUSSIA1,2025-01-16,17,17,0,0,57939,75145,0.0,1.0,112.0,200,observed_listed_broadcasts,2025-01-16,True,0.0
RUSSIA1,2025-01-17,14,14,0,0,49108,58043,7.0,0.0,90.0,200,observed_listed_broadcasts,2025-01-17,True,7.0
RUSSIA1,2025-01-18,11,11,0,0,33629,44818,2.0,0.0,10.0,200,observed_listed_broadcasts,2025-01-18,True,2.0
RUSSIA1,2025-01-19,10,10,0,0,37729,47436,1.0,0.0,96.0,200,observed_listed_broadcasts,2025-01-19,True,1.0
RUSSIA1,2025-01-20,17,17,0,0,58693,68401,3.0,0.0,178.0,200,observed_listed_broadcasts,2025-01-20,True,3.0
RUSSIA1,2025-01-21,20,20,0,0,63832,77770,0.0,1.0,302.0,200,observed_listed_broadcasts,2025-01-21,True,0.0
RUSSIA1,2025-01-22,18,18,0,0,60677,75887,2.0,4.0,298.0,200,observed_listed_broadcasts,2025-01-22,True,2.0
RUSSIA1,2025-01-23,18,18,0,0,56477,66270,2.0,0.0,184.0,200,observed_listed_broadcasts,2025-01-23,True,2.0
RUSSIA1,2025-01-24,12,12,0,0,42270,52430,1.0,1.0,121.0,200,observed_listed_broadcasts,2025-01-24,True,1.0
RUSSIA1,2025-01-25,9,9,0,0,24953,34238,0.0,0.0,33.0,200,observed_listed_broadcasts,2025-01-25,True,0.0
RUSSIA1,2025-01-26,11,11,0,0,34197,40194,10.0,5.0,117.0,200,observed_listed_broadcasts,2025-01-26,True,10.0
RUSSIA1,2025-01-27,16,16,0,0,67800,77934,0.0,1.0,132.0,200,observed_listed_broadcasts,2025-01-27,True,0.0
RUSSIA1,2025-01-28,19,19,0,0,61844,70859,0.0,3.0,137.0,200,observed_listed_broadcasts,2025-01-28,True,0.0
RUSSIA1,2025-01-29,20,20,0,0,66930,83111,0.0,0.0,129.0,200,observed_listed_broadcasts,2025-01-29,True,0.0
RUSSIA1,2025-01-30,18,18,0,0,57528,76321,1.0,0.0,100.0,200,observed_listed_broadcasts,2025-01-30,True,1.0
RUSSIA1,2025-01-31,15,15,0,0,50649,68695,5.0,0.0,77.0,200,observed_listed_broadcasts,2025-01-31,True,5.0
RUSSIA1,2025-02-01,9,9,0,0,36471,40707,0.0,1.0,12.0,200,observed_listed_broadcasts,2025-02-01,True,0.0
RUSSIA1,2025-02-02,11,11,0,0,45934,55561,10.0,0.0,78.0,200,observed_listed_broadcasts,2025-02-02,True,10.0
RUSSIA1,2025-02-03,16,16,0,0,58023,72167,1.0,0.0,109.0,200,observed_listed_broadcasts,2025-02-03,True,1.0
RUSSIA1,2025-02-04,19,19,0,0,69212,83230,7.0,0.0,165.0,200,observed_listed_broadcasts,2025-02-04,True,7.0
RUSSIA1,2025-02-05,18,18,0,0,59588,73172,5.0,0.0,197.0,200,observed_listed_broadcasts,2025-02-05,True,5.0
RUSSIA1,2025-02-06,17,17,0,0,61356,72570,2.0,1.0,240.0,200,observed_listed_broadcasts,2025-02-06,True,2.0
RUSSIA1,2025-02-07,13,13,0,0,34363,41100,3.0,0.0,110.0,200,observed_listed_broadcasts,2025-02-07,True,3.0
RUSSIA1,2025-02-08,10,10,0,0,21571,27983,1.0,0.0,25.0,200,observed_listed_broadcasts,2025-02-08,True,1.0
RUSSIA1,2025-02-09,11,11,0,0,40626,50090,14.0,4.0,82.0,200,observed_listed_broadcasts,2025-02-09,True,14.0
RUSSIA1,2025-02-10,15,15,0,0,44329,57116,1.0,1.0,137.0,200,observed_listed_broadcasts,2025-02-10,True,1.0
RUSSIA1,2025-02-11,18,18,0,0,63145,82720,1.0,4.0,173.0,200,observed_listed_broadcasts,2025-02-11,True,1.0
RUSSIA1,2025-02-12,19,19,0,0,69172,85354,0.0,1.0,222.0,200,observed_listed_broadcasts,2025-02-12,True,0.0
RUSSIA1,2025-02-13,17,17,0,0,58490,74667,0.0,0.0,299.0,200,observed_listed_broadcasts,2025-02-13,True,0.0
RUSSIA1,2025-02-14,14,14,0,0,36190,41983,1.0,1.0,163.0,200,observed_listed_broadcasts,2025-02-14,True,1.0
RUSSIA1,2025-02-15,10,10,0,0,21584,25433,0.0,0.0,17.0,200,observed_listed_broadcasts,2025-02-15,True,0.0
RUSSIA1,2025-02-16,11,11,0,0,34077,39290,1.0,0.0,98.0,200,observed_listed_broadcasts,2025-02-16,True,1.0
RUSSIA1,2025-02-17,18,18,0,0,70523,85151,1.0,0.0,137.0,200,observed_listed_broadcasts,2025-02-17,True,1.0
RUSSIA1,2025-02-18,17,17,0,0,43806,52971,2.0,0.0,127.0,200,observed_listed_broadcasts,2025-02-18,True,2.0
RUSSIA1,2025-02-19,13,13,0,0,39896,48550,1.0,1.0,129.0,200,observed_listed_broadcasts,2025-02-19,True,1.0
RUSSIA1,2025-02-20,17,17,0,0,56589,71923,0.0,0.0,212.0,200,observed_listed_broadcasts,2025-02-20,True,0.0
RUSSIA1,2025-02-21,12,12,0,0,43125,50408,0.0,0.0,179.0,200,observed_listed_broadcasts,2025-02-21,True,0.0
RUSSIA1,2025-02-22,10,10,0,0,32153,42393,1.0,1.0,26.0,200,observed_listed_broadcasts,2025-02-22,True,1.0
RUSSIA1,2025-02-23,11,11,0,0,47810,52034,4.0,0.0,96.0,200,observed_listed_broadcasts,2025-02-23,True,4.0
RUSSIA1,2025-02-24,19,19,0,0,70596,83989,6.0,4.0,178.0,200,observed_listed_broadcasts,2025-02-24,True,6.0
RUSSIA1,2025-02-25,18,18,0,0,48008,53553,1.0,1.0,160.0,200,observed_listed_broadcasts,2025-02-25,True,1.0
RUSSIA1,2025-02-26,18,18,0,0,58218,79023,0.0,11.0,185.0,200,observed_listed_broadcasts,2025-02-26,True,0.0
RUSSIA1,2025-02-27,19,19,0,0,67333,87284,2.0,0.0,190.0,200,observed_listed_broadcasts,2025-02-27,True,2.0
RUSSIA1,2025-02-28,14,14,0,0,58124,64989,0.0,1.0,145.0,200,observed_listed_broadcasts,2025-02-28,True,0.0
RUSSIA1,2025-03-01,12,12,0,0,39329,51690,0.0,1.0,81.0,200,observed_listed_broadcasts,2025-03-01,True,0.0
RUSSIA1,2025-03-02,12,12,0,0,42871,48205,6.0,3.0,110.0,200,observed_listed_broadcasts,2025-03-02,True,6.0
RUSSIA1,2025-03-03,17,17,0,0,64924,73093,3.0,0.0,178.0,200,observed_listed_broadcasts,2025-03-03,True,3.0
RUSSIA1,2025-03-04,18,18,0,0,69600,79541,0.0,0.0,243.0,200,observed_listed_broadcasts,2025-03-04,True,0.0
RUSSIA1,2025-03-05,17,17,0,0,67408,78370,0.0,0.0,257.0,200,observed_listed_broadcasts,2025-03-05,True,0.0
RUSSIA1,2025-03-06,19,19,0,0,70097,77341,0.0,0.0,174.0,200,observed_listed_broadcasts,2025-03-06,True,0.0
RUSSIA1,2025-03-07,13,13,0,0,52120,68666,0.0,0.0,115.0,200,observed_listed_broadcasts,2025-03-07,True,0.0
RUSSIA1,2025-03-08,9,9,0,0,24520,31764,0.0,2.0,21.0,200,observed_listed_broadcasts,2025-03-08,True,0.0
RUSSIA1,2025-03-09,11,11,0,0,34770,45405,7.0,2.0,87.0,200,observed_listed_broadcasts,2025-03-09,True,7.0
RUSSIA1,2025-03-10,14,14,0,0,56859,67303,0.0,1.0,129.0,200,observed_listed_broadcasts,2025-03-10,True,0.0
RUSSIA1,2025-03-11,18,18,0,0,47659,60043,0.0,0.0,102.0,200,observed_listed_broadcasts,2025-03-11,True,0.0
RUSSIA1,2025-03-12,20,20,0,0,69440,82569,0.0,0.0,128.0,200,observed_listed_broadcasts,2025-03-12,True,0.0
RUSSIA1,2025-03-13,17,17,0,0,55411,59961,4.0,4.0,126.0,200,observed_listed_broadcasts,2025-03-13,True,4.0
RUSSIA1,2025-03-14,15,15,0,0,50686,60482,0.0,0.0,130.0,200,observed_listed_broadcasts,2025-03-14,True,0.0
RUSSIA1,2025-03-15,11,11,0,0,29553,35708,1.0,0.0,28.0,200,observed_listed_broadcasts,2025-03-15,True,1.0
RUSSIA1,2025-03-16,10,10,0,0,31890,38669,3.0,1.0,58.0,200,observed_listed_broadcasts,2025-03-16,True,3.0
RUSSIA1,2025-03-17,18,18,0,0,70695,81241,2.0,1.0,150.0,200,observed_listed_broadcasts,2025-03-17,True,2.0
RUSSIA1,2025-03-18,19,19,0,0,68499,81669,0.0,1.0,193.0,200,observed_listed_broadcasts,2025-03-18,True,0.0
RUSSIA1,2025-03-19,18,18,0,0,66443,77243,0.0,1.0,312.0,200,observed_listed_broadcasts,2025-03-19,True,0.0
RUSSIA1,2025-03-20,18,18,0,0,57879,70078,0.0,0.0,200.0,200,observed_listed_broadcasts,2025-03-20,True,0.0
RUSSIA1,2025-03-21,14,14,0,0,48829,55485,1.0,3.0,119.0,200,observed_listed_broadcasts,2025-03-21,True,1.0
RUSSIA1,2025-03-22,11,11,0,0,25314,32214,0.0,1.0,11.0,200,observed_listed_broadcasts,2025-03-22,True,0.0
RUSSIA1,2025-03-23,14,14,0,0,60040,65454,4.0,0.0,98.0,200,observed_listed_broadcasts,2025-03-23,True,4.0
RUSSIA1,2025-03-24,17,17,0,0,62616,77069,7.0,1.0,155.0,200,observed_listed_broadcasts,2025-03-24,True,7.0
RUSSIA1,2025-03-25,15,15,0,0,50060,59753,1.0,1.0,113.0,200,observed_listed_broadcasts,2025-03-25,True,1.0
RUSSIA1,2025-03-26,17,17,0,0,57120,69400,4.0,0.0,146.0,200,observed_listed_broadcasts,2025-03-26,True,4.0
RUSSIA1,2025-03-27,18,18,0,0,59162,72251,2.0,1.0,91.0,200,observed_listed_broadcasts,2025-03-27,True,2.0
RUSSIA1,2025-03-28,15,15,0,0,56073,66462,0.0,0.0,83.0,200,observed_listed_broadcasts,2025-03-28,True,0.0
RUSSIA1,2025-03-29,9,9,0,0,30217,40724,1.0,0.0,34.0,200,observed_listed_broadcasts,2025-03-29,True,1.0
RUSSIA1,2025-03-30,10,10,0,0,32932,39071,3.0,1.0,53.0,200,observed_listed_broadcasts,2025-03-30,True,3.0
RUSSIA1,2025-03-31,11,11,0,0,55301,72155,2.0,1.0,115.0,200,observed_listed_broadcasts,2025-03-31,True,2.0
RUSSIA1,2025-04-01,15,15,0,0,55715,62739,1.0,1.0,235.0,200,observed_listed_broadcasts,2025-04-01,True,1.0
RUSSIA1,2025-04-02,16,16,0,0,56656,66109,2.0,0.0,276.0,200,observed_listed_broadcasts,2025-04-02,True,2.0
RUSSIA1,2025-04-03,17,17,0,0,58285,70493,3.0,2.0,206.0,200,observed_listed_broadcasts,2025-04-03,True,3.0
RUSSIA1,2025-04-04,17,17,0,0,62780,72812,2.0,0.0,170.0,200,observed_listed_broadcasts,2025-04-04,True,2.0
RUSSIA1,2025-04-05,8,8,0,0,17508,22691,1.0,0.0,22.0,200,observed_listed_broadcasts,2025-04-05,True,1.0
RUSSIA1,2025-04-06,10,10,0,0,31815,37273,5.0,0.0,52.0,200,observed_listed_broadcasts,2025-04-06,True,5.0
RUSSIA1,2025-04-07,17,17,0,0,60910,78914,7.0,0.0,107.0,200,observed_listed_broadcasts,2025-04-07,True,7.0
RUSSIA1,2025-04-08,16,16,0,0,54649,68372,0.0,1.0,147.0,200,observed_listed_broadcasts,2025-04-08,True,0.0
RUSSIA1,2025-04-09,20,20,0,0,76280,87597,2.0,2.0,160.0,200,observed_listed_broadcasts,2025-04-09,True,2.0
RUSSIA1,2025-04-10,16,16,0,0,49552,58320,0.0,3.0,140.0,200,observed_listed_broadcasts,2025-04-10,True,0.0
RUSSIA1,2025-04-11,15,15,0,0,58464,66594,2.0,0.0,148.0,200,observed_listed_broadcasts,2025-04-11,True,2.0
RUSSIA1,2025-04-12,8,8,0,0,23861,25504,5.0,1.0,16.0,200,observed_listed_broadcasts,2025-04-12,True,5.0
RUSSIA1,2025-04-13,13,13,0,0,42198,47787,14.0,3.0,77.0,200,observed_listed_broadcasts,2025-04-13,True,14.0
RUSSIA1,2025-04-14,20,20,0,0,81173,96148,18.0,1.0,238.0,200,observed_listed_broadcasts,2025-04-14,True,18.0
RUSSIA1,2025-04-15,15,15,0,0,45104,54043,1.0,0.0,143.0,200,observed_listed_broadcasts,2025-04-15,True,1.0
RUSSIA1,2025-04-16,14,14,0,0,49384,44905,1.0,0.0,121.0,200,observed_listed_broadcasts,2025-04-16,True,1.0
RUSSIA1,2025-04-17,17,17,0,0,57919,65988,0.0,1.0,149.0,200,observed_listed_broadcasts,2025-04-17,True,0.0
RUSSIA1,2025-04-18,12,12,0,0,30754,39461,0.0,0.0,87.0,200,observed_listed_broadcasts,2025-04-18,True,0.0
RUSSIA1,2025-04-19,7,7,0,0,23816,21599,1.0,0.0,8.0,200,observed_listed_broadcasts,2025-04-19,True,1.0
RUSSIA1,2025-04-20,11,11,0,0,38119,41782,0.0,1.0,53.0,200,observed_listed_broadcasts,2025-04-20,True,0.0
RUSSIA1,2025-04-21,17,17,0,0,66089,81166,2.0,5.0,120.0,200,observed_listed_broadcasts,2025-04-21,True,2.0
RUSSIA1,2025-04-22,17,17,0,0,60847,68061,3.0,19.0,108.0,200,observed_listed_broadcasts,2025-04-22,True,3.0
RUSSIA1,2025-04-23,17,17,0,0,56278,64831,0.0,2.0,136.0,200,observed_listed_broadcasts,2025-04-23,True,0.0
RUSSIA1,2025-04-24,15,15,0,0,52246,58831,1.0,1.0,152.0,200,observed_listed_broadcasts,2025-04-24,True,1.0
RUSSIA1,2025-04-25,13,13,0,0,49356,61821,0.0,0.0,175.0,200,observed_listed_broadcasts,2025-04-25,True,0.0
RUSSIA1,2025-04-26,8,8,0,0,30776,29123,0.0,0.0,55.0,200,observed_listed_broadcasts,2025-04-26,True,0.0
RUSSIA1,2025-04-27,11,11,0,0,42982,51238,8.0,4.0,83.0,200,observed_listed_broadcasts,2025-04-27,True,8.0
RUSSIA1,2025-04-28,18,18,0,0,65327,76051,0.0,0.0,200.0,200,observed_listed_broadcasts,2025-04-28,True,0.0
RUSSIA1,2025-04-29,14,14,0,0,56496,72239,3.0,0.0,148.0,200,observed_listed_broadcasts,2025-04-29,True,3.0
RUSSIA1,2025-04-30,12,12,0,0,48212,59905,8.0,0.0,120.0,200,observed_listed_broadcasts,2025-04-30,True,8.0
RUSSIA1,2025-05-01,4,4,0,0,9232,12752,0.0,0.0,15.0,200,observed_listed_broadcasts,2025-05-01,True,0.0
RUSSIA1,2025-05-02,3,3,0,0,10073,12742,1.0,1.0,24.0,200,observed_listed_broadcasts,2025-05-02,True,1.0
RUSSIA1,2025-05-03,4,4,0,0,10133,12734,2.0,0.0,2.0,200,observed_listed_broadcasts,2025-05-03,True,2.0
RUSSIA1,2025-05-04,8,8,0,0,36519,38538,9.0,5.0,94.0,200,observed_listed_broadcasts,2025-05-04,True,9.0
RUSSIA1,2025-05-05,15,15,0,0,53360,59409,7.0,0.0,179.0,200,observed_listed_broadcasts,2025-05-05,True,7.0
RUSSIA1,2025-05-06,15,15,0,0,56282,66706,3.0,1.0,89.0,200,observed_listed_broadcasts,2025-05-06,True,3.0
RUSSIA1,2025-05-07,16,16,0,0,60298,71789,6.0,2.0,77.0,200,observed_listed_broadcasts,2025-05-07,True,6.0
RUSSIA1,2025-05-08,5,5,0,0,10521,10684,2.0,1.0,6.0,200,observed_listed_broadcasts,2025-05-08,True,2.0
RUSSIA1,2025-05-09,11,11,0,0,49901,44815,6.0,3.0,0.0,200,observed_listed_broadcasts,2025-05-09,True,6.0
RUSSIA1,2025-05-10,3,3,0,0,6565,6897,0.0,0.0,2.0,200,observed_listed_broadcasts,2025-05-10,True,0.0
RUSSIA1,2025-05-11,11,11,0,0,38527,40079,13.0,2.0,46.0,200,observed_listed_broadcasts,2025-05-11,True,13.0
RUSSIA1,2025-05-12,14,14,0,0,60458,77060,1.0,0.0,114.0,200,observed_listed_broadcasts,2025-05-12,True,1.0
RUSSIA1,2025-05-13,17,17,0,0,62084,72827,3.0,3.0,141.0,200,observed_listed_broadcasts,2025-05-13,True,3.0
RUSSIA1,2025-05-14,19,19,0,0,72600,91847,0.0,2.0,123.0,200,observed_listed_broadcasts,2025-05-14,True,0.0
RUSSIA1,2025-05-15,15,15,0,0,52469,61257,1.0,0.0,142.0,200,observed_listed_broadcasts,2025-05-15,True,1.0
RUSSIA1,2025-05-16,14,14,0,0,48729,54899,2.0,0.0,64.0,200,observed_listed_broadcasts,2025-05-16,True,2.0
RUSSIA1,2025-05-17,13,13,0,0,24167,32243,0.0,2.0,26.0,200,observed_listed_broadcasts,2025-05-17,True,0.0
RUSSIA1,2025-05-18,19,19,0,0,33517,39634,3.0,1.0,61.0,200,observed_listed_broadcasts,2025-05-18,True,3.0
RUSSIA1,2025-05-19,37,37,0,0,67918,87879,3.0,0.0,194.0,200,observed_listed_broadcasts,2025-05-19,True,3.0
RUSSIA1,2025-05-20,38,38,0,0,70260,85574,0.0,0.0,335.0,200,observed_listed_broadcasts,2025-05-20,True,0.0
RUSSIA1,2025-05-21,37,37,0,0,68099,87853,2.0,0.0,205.0,200,observed_listed_broadcasts,2025-05-21,True,2.0
RUSSIA1,2025-05-22,37,37,0,0,68180,87587,5.0,1.0,155.0,200,observed_listed_broadcasts,2025-05-22,True,5.0
RUSSIA1,2025-05-23,28,28,0,0,52057,67128,1.0,1.0,104.0,200,observed_listed_broadcasts,2025-05-23,True,1.0
RUSSIA1,2025-05-24,16,16,0,0,29767,36209,0.0,0.0,13.0,200,observed_listed_broadcasts,2025-05-24,True,0.0
RUSSIA1,2025-05-25,18,18,0,0,33442,38572,2.0,0.0,56.0,200,observed_listed_broadcasts,2025-05-25,True,2.0
RUSSIA1,2025-05-26,36,36,0,0,66777,85935,0.0,0.0,123.0,200,observed_listed_broadcasts,2025-05-26,True,0.0
RUSSIA1,2025-05-27,35,35,0,0,64917,83963,0.0,3.0,119.0,200,observed_listed_broadcasts,2025-05-27,True,0.0
RUSSIA1,2025-05-28,33,33,0,0,61368,76947,2.0,3.0,99.0,200,observed_listed_broadcasts,2025-05-28,True,2.0
RUSSIA1,2025-05-29,34,34,0,0,60609,74879,3.0,5.0,93.0,200,observed_listed_broadcasts,2025-05-29,True,3.0
RUSSIA1,2025-05-30,27,27,0,0,50222,65109,9.0,1.0,73.0,200,observed_listed_broadcasts,2025-05-30,True,9.0
RUSSIA1,2025-05-31,14,14,0,0,26031,32551,0.0,0.0,24.0,200,observed_listed_broadcasts,2025-05-31,True,0.0
RUSSIA1,2025-06-01,16,16,0,0,29654,38233,1.0,0.0,26.0,200,observed_listed_broadcasts,2025-06-01,True,1.0
RUSSIA1,2025-06-02,31,31,0,0,57468,75729,7.0,0.0,47.0,200,observed_listed_broadcasts,2025-06-02,True,7.0
RUSSIA1,2025-06-03,34,34,0,0,63243,79444,0.0,0.0,83.0,200,observed_listed_broadcasts,2025-06-03,True,0.0
RUSSIA1,2025-06-04,36,36,0,0,66765,86194,1.0,0.0,159.0,200,observed_listed_broadcasts,2025-06-04,True,1.0
RUSSIA1,2025-06-05,32,32,0,0,59395,77620,0.0,1.0,228.0,200,observed_listed_broadcasts,2025-06-05,True,0.0
RUSSIA1,2025-06-06,19,19,0,0,35302,44690,0.0,1.0,133.0,200,observed_listed_broadcasts,2025-06-06,True,0.0
RUSSIA1,2025-06-07,9,9,0,0,26028,36233,0.0,1.0,67.0,200,observed_listed_broadcasts,2025-06-07,True,0.0
RUSSIA1,2025-06-08,7,7,0,0,16919,20624,0.0,0.0,13.0,200,observed_listed_broadcasts,2025-06-08,True,0.0
RUSSIA1,2025-06-09,15,15,0,0,65968,77362,2.0,0.0,237.0,200,observed_listed_broadcasts,2025-06-09,True,2.0
RUSSIA1,2025-06-10,13,13,0,0,47462,54751,1.0,0.0,127.0,200,observed_listed_broadcasts,2025-06-10,True,1.0
RUSSIA1,2025-06-11,13,13,0,0,45159,65786,3.0,1.0,95.0,200,observed_listed_broadcasts,2025-06-11,True,3.0
RUSSIA1,2025-06-12,5,5,0,0,17709,20610,0.0,0.0,10.0,200,observed_listed_broadcasts,2025-06-12,True,0.0
RUSSIA1,2025-06-13,4,4,0,0,21867,26399,0.0,0.0,11.0,200,observed_listed_broadcasts,2025-06-13,True,0.0
RUSSIA1,2025-06-14,10,10,0,0,24631,32454,0.0,1.0,4.0,200,observed_listed_broadcasts,2025-06-14,True,0.0
RUSSIA1,2025-06-15,12,12,0,0,37686,48679,1.0,1.0,60.0,200,observed_listed_broadcasts,2025-06-15,True,1.0
RUSSIA1,2025-06-16,16,16,0,0,67429,82723,0.0,0.0,190.0,200,observed_listed_broadcasts,2025-06-16,True,0.0
RUSSIA1,2025-06-17,18,18,0,0,73931,82071,3.0,0.0,217.0,200,observed_listed_broadcasts,2025-06-17,True,3.0
RUSSIA1,2025-06-18,16,16,0,0,44422,56801,0.0,3.0,161.0,200,observed_listed_broadcasts,2025-06-18,True,0.0
RUSSIA1,2025-06-19,18,18,0,0,62616,79403,1.0,2.0,189.0,200,observed_listed_broadcasts,2025-06-19,True,1.0
RUSSIA1,2025-06-20,13,13,0,0,48283,55950,0.0,0.0,86.0,200,observed_listed_broadcasts,2025-06-20,True,0.0
RUSSIA1,2025-06-21,8,8,0,0,24781,34145,0.0,2.0,13.0,200,observed_listed_broadcasts,2025-06-21,True,0.0
RUSSIA1,2025-06-22,6,6,0,0,28958,33293,1.0,0.0,63.0,200,observed_listed_broadcasts,2025-06-22,True,1.0
RUSSIA1,2025-06-23,16,16,0,0,58620,79116,2.0,2.0,143.0,200,observed_listed_broadcasts,2025-06-23,True,2.0
RUSSIA1,2025-06-24,17,17,0,0,49495,63927,5.0,0.0,183.0,200,observed_listed_broadcasts,2025-06-24,True,5.0
RUSSIA1,2025-06-25,20,20,0,0,74586,100278,3.0,0.0,268.0,200,observed_listed_broadcasts,2025-06-25,True,3.0
RUSSIA1,2025-06-26,17,17,0,0,57279,72664,2.0,1.0,221.0,200,observed_listed_broadcasts,2025-06-26,True,2.0
RUSSIA1,2025-06-27,15,15,0,0,53066,61620,3.0,0.0,121.0,200,observed_listed_broadcasts,2025-06-27,True,3.0
RUSSIA1,2025-06-28,11,11,0,0,33935,42609,5.0,0.0,21.0,200,observed_listed_broadcasts,2025-06-28,True,5.0
RUSSIA1,2025-06-29,14,14,0,0,46248,51319,2.0,1.0,56.0,200,observed_listed_broadcasts,2025-06-29,True,2.0
RUSSIA1,2025-06-30,19,19,0,0,71662,80371,0.0,0.0,87.0,200,observed_listed_broadcasts,2025-06-30,True,0.0
RUSSIA1,2025-07-01,18,18,0,0,64425,77643,2.0,2.0,106.0,200,observed_listed_broadcasts,2025-07-01,True,2.0
RUSSIA1,2025-07-02,19,19,0,0,74201,88552,1.0,0.0,132.0,200,observed_listed_broadcasts,2025-07-02,True,1.0
RUSSIA1,2025-07-03,17,17,0,0,57498,69945,0.0,2.0,115.0,200,observed_listed_broadcasts,2025-07-03,True,0.0
RUSSIA1,2025-07-04,14,14,0,0,52730,68935,0.0,0.0,181.0,200,observed_listed_broadcasts,2025-07-04,True,0.0
RUSSIA1,2025-07-05,13,13,0,0,46054,55589,0.0,0.0,20.0,200,observed_listed_broadcasts,2025-07-05,True,0.0
RUSSIA1,2025-07-06,10,10,0,0,35658,41342,0.0,1.0,86.0,200,observed_listed_broadcasts,2025-07-06,True,0.0
RUSSIA1,2025-07-07,17,17,0,0,63066,68721,10.0,1.0,172.0,200,observed_listed_broadcasts,2025-07-07,True,10.0
RUSSIA1,2025-07-08,19,19,0,0,68253,86519,2.0,3.0,148.0,200,observed_listed_broadcasts,2025-07-08,True,2.0
RUSSIA1,2025-07-09,18,18,0,0,70341,82754,4.0,2.0,188.0,200,observed_listed_broadcasts,2025-07-09,True,4.0
RUSSIA1,2025-07-10,20,20,0,0,71725,84787,0.0,1.0,179.0,200,observed_listed_broadcasts,2025-07-10,True,0.0
RUSSIA1,2025-07-11,16,16,0,0,58227,67339,0.0,2.0,157.0,200,observed_listed_broadcasts,2025-07-11,True,0.0
RUSSIA1,2025-07-12,8,8,0,0,17106,20933,0.0,0.0,20.0,200,observed_listed_broadcasts,2025-07-12,True,0.0
RUSSIA1,2025-07-13,11,11,0,0,40815,47317,0.0,1.0,65.0,200,observed_listed_broadcasts,2025-07-13,True,0.0
RUSSIA1,2025-07-14,12,12,0,0,54038,72669,0.0,0.0,153.0,200,observed_listed_broadcasts,2025-07-14,True,0.0
RUSSIA1,2025-07-15,18,18,0,0,71896,84665,0.0,0.0,222.0,200,observed_listed_broadcasts,2025-07-15,True,0.0
RUSSIA1,2025-07-16,9,9,0,0,38296,30567,0.0,0.0,201.0,200,observed_listed_broadcasts,2025-07-16,True,0.0
RUSSIA1,2025-07-17,14,14,0,0,50613,58481,0.0,0.0,167.0,200,observed_listed_broadcasts,2025-07-17,True,0.0
RUSSIA1,2025-07-18,14,14,0,0,56021,67898,30.0,5.0,123.0,200,observed_listed_broadcasts,2025-07-18,True,30.0
RUSSIA1,2025-07-19,10,10,0,0,22246,27685,3.0,0.0,23.0,200,observed_listed_broadcasts,2025-07-19,True,3.0
RUSSIA1,2025-07-20,12,12,0,0,37597,50150,4.0,0.0,73.0,200,observed_listed_broadcasts,2025-07-20,True,4.0
RUSSIA1,2025-07-21,10,10,0,0,45570,55437,1.0,2.0,84.0,200,observed_listed_broadcasts,2025-07-21,True,1.0
RUSSIA1,2025-07-22,15,15,0,0,55442,67863,0.0,0.0,104.0,200,observed_listed_broadcasts,2025-07-22,True,0.0
RUSSIA1,2025-07-23,14,14,0,0,50300,59391,0.0,1.0,119.0,200,observed_listed_broadcasts,2025-07-23,True,0.0
RUSSIA1,2025-07-24,14,14,0,0,50330,59805,2.0,0.0,47.0,200,observed_listed_broadcasts,2025-07-24,True,2.0
RUSSIA1,2025-07-25,14,14,0,0,52713,57640,2.0,1.0,42.0,200,observed_listed_broadcasts,2025-07-25,True,2.0
RUSSIA1,2025-07-26,7,7,0,0,15096,20487,0.0,0.0,26.0,200,observed_listed_broadcasts,2025-07-26,True,0.0
RUSSIA1,2025-07-27,13,13,0,0,44414,47763,14.0,2.0,38.0,200,observed_listed_broadcasts,2025-07-27,True,14.0
RUSSIA1,2025-07-28,9,9,0,0,33215,37932,0.0,0.0,107.0,200,observed_listed_broadcasts,2025-07-28,True,0.0
RUSSIA1,2025-07-29,14,14,0,0,50925,68264,1.0,2.0,166.0,200,observed_listed_broadcasts,2025-07-29,True,1.0
RUSSIA1,2025-07-30,14,14,0,0,50892,58926,1.0,0.0,115.0,200,observed_listed_broadcasts,2025-07-30,True,1.0
RUSSIA1,2025-07-31,14,14,0,0,50891,66496,0.0,0.0,100.0,200,observed_listed_broadcasts,2025-07-31,True,0.0
RUSSIA1,2025-08-01,13,13,0,0,41557,53579,0.0,0.0,99.0,200,observed_listed_broadcasts,2025-08-01,True,0.0
RUSSIA1,2025-08-02,9,9,0,0,17931,20853,0.0,0.0,13.0,200,observed_listed_broadcasts,2025-08-02,True,0.0
RUSSIA1,2025-08-03,8,8,0,0,23208,29142,2.0,0.0,25.0,200,observed_listed_broadcasts,2025-08-03,True,2.0
RUSSIA1,2025-08-04,14,14,0,0,52299,64318,1.0,0.0,111.0,200,observed_listed_broadcasts,2025-08-04,True,1.0
RUSSIA1,2025-08-05,16,16,0,0,49144,57703,0.0,0.0,152.0,200,observed_listed_broadcasts,2025-08-05,True,0.0
RUSSIA1,2025-08-06,16,16,0,0,56117,66768,0.0,0.0,202.0,200,observed_listed_broadcasts,2025-08-06,True,0.0
RUSSIA1,2025-08-07,14,14,0,0,50592,60065,0.0,0.0,250.0,200,observed_listed_broadcasts,2025-08-07,True,0.0
RUSSIA1,2025-08-08,13,13,0,0,50572,54059,2.0,0.0,258.0,200,observed_listed_broadcasts,2025-08-08,True,2.0
RUSSIA1,2025-08-09,10,10,0,0,23910,33058,0.0,1.0,50.0,200,observed_listed_broadcasts,2025-08-09,True,0.0
RUSSIA1,2025-08-10,9,9,0,0,28082,36013,4.0,2.0,119.0,200,observed_listed_broadcasts,2025-08-10,True,4.0
RUSSIA1,2025-08-11,12,12,0,0,54701,65881,3.0,0.0,182.0,200,observed_listed_broadcasts,2025-08-11,True,3.0
RUSSIA1,2025-08-12,15,15,0,0,47047,57748,1.0,1.0,228.0,200,observed_listed_broadcasts,2025-08-12,True,1.0
RUSSIA1,2025-08-13,15,15,0,0,54575,64557,1.0,1.0,213.0,200,observed_listed_broadcasts,2025-08-13,True,1.0
RUSSIA1,2025-08-14,15,15,0,0,54578,73171,0.0,0.0,214.0,200,observed_listed_broadcasts,2025-08-14,True,0.0
RUSSIA1,2025-08-15,15,15,0,0,58441,61729,4.0,0.0,254.0,200,observed_listed_broadcasts,2025-08-15,True,4.0
RUSSIA1,2025-08-16,13,13,0,0,45142,57826,0.0,0.0,122.0,200,observed_listed_broadcasts,2025-08-16,True,0.0
RUSSIA1,2025-08-17,13,13,0,0,49403,60525,9.0,2.0,171.0,200,observed_listed_broadcasts,2025-08-17,True,9.0
RUSSIA1,2025-08-18,13,13,0,0,69073,85825,5.0,0.0,210.0,200,observed_listed_broadcasts,2025-08-18,True,5.0
RUSSIA1,2025-08-19,16,16,0,0,74411,83957,4.0,0.0,271.0,200,observed_listed_broadcasts,2025-08-19,True,4.0
RUSSIA1,2025-08-20,16,16,0,0,63340,69934,3.0,5.0,172.0,200,observed_listed_broadcasts,2025-08-20,True,3.0
RUSSIA1,2025-08-21,17,17,0,0,67607,75624,1.0,1.0,131.0,200,observed_listed_broadcasts,2025-08-21,True,1.0
RUSSIA1,2025-08-22,14,14,0,0,62919,77287,0.0,0.0,116.0,200,observed_listed_broadcasts,2025-08-22,True,0.0
RUSSIA1,2025-08-23,10,10,0,0,22353,19040,4.0,1.0,7.0,200,observed_listed_broadcasts,2025-08-23,True,4.0
RUSSIA1,2025-08-24,10,10,0,0,34138,40435,3.0,0.0,114.0,200,observed_listed_broadcasts,2025-08-24,True,3.0
RUSSIA1,2025-08-25,10,10,0,0,44573,58753,3.0,0.0,90.0,200,observed_listed_broadcasts,2025-08-25,True,3.0
RUSSIA1,2025-08-26,12,12,0,0,52347,65702,0.0,0.0,121.0,200,observed_listed_broadcasts,2025-08-26,True,0.0
RUSSIA1,2025-08-27,15,15,0,0,60280,70710,1.0,1.0,84.0,200,observed_listed_broadcasts,2025-08-27,True,1.0
RUSSIA1,2025-08-28,14,14,0,0,58412,73741,0.0,0.0,88.0,200,observed_listed_broadcasts,2025-08-28,True,0.0
RUSSIA1,2025-08-29,13,13,0,0,49030,55869,0.0,0.0,94.0,200,observed_listed_broadcasts,2025-08-29,True,0.0
RUSSIA1,2025-08-30,9,9,0,0,36304,41175,0.0,1.0,9.0,200,observed_listed_broadcasts,2025-08-30,True,0.0
RUSSIA1,2025-08-31,12,12,0,0,37311,39504,7.0,1.0,75.0,200,observed_listed_broadcasts,2025-08-31,True,7.0
RUSSIA1,2025-09-01,15,15,0,0,56044,74645,0.0,2.0,157.0,200,observed_listed_broadcasts,2025-09-01,True,0.0
RUSSIA1,2025-09-02,17,17,0,0,65476,73194,1.0,0.0,111.0,200,observed_listed_broadcasts,2025-09-02,True,1.0
RUSSIA1,2025-09-03,17,17,0,0,56730,61828,4.0,1.0,120.0,200,observed_listed_broadcasts,2025-09-03,True,4.0
RUSSIA1,2025-09-04,17,17,0,0,67584,71903,0.0,0.0,159.0,200,observed_listed_broadcasts,2025-09-04,True,0.0
RUSSIA1,2025-09-05,13,13,0,0,48739,55745,2.0,0.0,106.0,200,observed_listed_broadcasts,2025-09-05,True,2.0
RUSSIA1,2025-09-06,10,10,0,0,36866,41497,0.0,0.0,11.0,200,observed_listed_broadcasts,2025-09-06,True,0.0
RUSSIA1,2025-09-07,12,12,0,0,41190,50635,4.0,1.0,70.0,200,observed_listed_broadcasts,2025-09-07,True,4.0
RUSSIA1,2025-09-08,15,15,0,0,61984,63700,2.0,0.0,170.0,200,observed_listed_broadcasts,2025-09-08,True,2.0
RUSSIA1,2025-09-09,19,19,0,0,73088,97166,3.0,0.0,130.0,200,observed_listed_broadcasts,2025-09-09,True,3.0
RUSSIA1,2025-09-10,18,18,0,0,74774,93370,1.0,2.0,117.0,200,observed_listed_broadcasts,2025-09-10,True,1.0
RUSSIA1,2025-09-11,18,18,0,0,69435,89477,7.0,0.0,143.0,200,observed_listed_broadcasts,2025-09-11,True,7.0
RUSSIA1,2025-09-12,14,14,0,0,52410,54989,0.0,0.0,61.0,200,observed_listed_broadcasts,2025-09-12,True,0.0
RUSSIA1,2025-09-13,12,12,0,0,36642,38620,0.0,0.0,19.0,200,observed_listed_broadcasts,2025-09-13,True,0.0
RUSSIA1,2025-09-14,13,13,0,0,49340,60298,0.0,9.0,61.0,200,observed_listed_broadcasts,2025-09-14,True,0.0
RUSSIA1,2025-09-15,16,16,0,0,59119,59765,0.0,3.0,39.0,200,observed_listed_broadcasts,2025-09-15,True,0.0
RUSSIA1,2025-09-16,16,16,0,0,63940,70183,0.0,2.0,194.0,200,observed_listed_broadcasts,2025-09-16,True,0.0
RUSSIA1,2025-09-17,17,17,0,0,61550,79024,5.0,1.0,122.0,200,observed_listed_broadcasts,2025-09-17,True,5.0
RUSSIA1,2025-09-18,17,17,0,0,61585,69945,12.0,1.0,214.0,200,observed_listed_broadcasts,2025-09-18,True,12.0
RUSSIA1,2025-09-19,14,14,0,0,41601,49313,1.0,1.0,103.0,200,observed_listed_broadcasts,2025-09-19,True,1.0
RUSSIA1,2025-09-20,8,8,0,0,17781,23292,0.0,0.0,5.0,200,observed_listed_broadcasts,2025-09-20,True,0.0
RUSSIA1,2025-09-21,12,12,0,0,45369,52971,2.0,3.0,68.0,200,observed_listed_broadcasts,2025-09-21,True,2.0
RUSSIA1,2025-09-22,15,15,0,0,54561,65754,0.0,0.0,115.0,200,observed_listed_broadcasts,2025-09-22,True,0.0
RUSSIA1,2025-09-23,18,18,0,0,74803,90926,3.0,0.0,193.0,200,observed_listed_broadcasts,2025-09-23,True,3.0
RUSSIA1,2025-09-24,18,18,0,0,61510,82234,3.0,0.0,258.0,200,observed_listed_broadcasts,2025-09-24,True,3.0
RUSSIA1,2025-09-25,16,16,0,0,43513,53718,0.0,0.0,174.0,200,observed_listed_broadcasts,2025-09-25,True,0.0
RUSSIA1,2025-09-26,16,16,0,0,60323,72156,6.0,2.0,134.0,200,observed_listed_broadcasts,2025-09-26,True,6.0
RUSSIA1,2025-09-27,11,11,0,0,34965,44427,0.0,0.0,40.0,200,observed_listed_broadcasts,2025-09-27,True,0.0
RUSSIA1,2025-09-28,12,12,0,0,42157,47981,4.0,0.0,57.0,200,observed_listed_broadcasts,2025-09-28,True,4.0
RUSSIA1,2025-09-29,18,18,0,0,69137,82311,0.0,0.0,139.0,200,observed_listed_broadcasts,2025-09-29,True,0.0
RUSSIA1,2025-09-30,19,19,0,0,78315,95676,2.0,0.0,197.0,200,observed_listed_broadcasts,2025-09-30,True,2.0
RUSSIA1,2025-10-01,20,20,0,0,71214,81426,0.0,0.0,184.0,200,observed_listed_broadcasts,2025-10-01,True,0.0
RUSSIA1,2025-10-02,7,7,0,0,22277,22757,3.0,0.0,46.0,200,observed_listed_broadcasts,2025-10-02,True,3.0
RUSSIA1,2025-10-03,15,15,0,0,57856,65869,0.0,0.0,37.0,200,observed_listed_broadcasts,2025-10-03,True,0.0
RUSSIA1,2025-10-04,12,12,0,0,39339,52428,0.0,0.0,20.0,200,observed_listed_broadcasts,2025-10-04,True,0.0
RUSSIA1,2025-10-05,13,13,0,0,47167,54160,0.0,0.0,30.0,200,observed_listed_broadcasts,2025-10-05,True,0.0
RUSSIA1,2025-10-06,16,16,0,0,68351,88267,2.0,2.0,154.0,200,observed_listed_broadcasts,2025-10-06,True,2.0
RUSSIA1,2025-10-07,1,1,0,0,6735,5676,0.0,0.0,2.0,404,observed_listed_broadcasts,2025-10-07,False,
RUSSIA1,2025-10-08,0,0,0,0,0,0,,,,200,incomplete_or_missing,2025-10-08,False,
RUSSIA1,2025-10-09,14,13,1,0,56769,71178,1.0,2.0,189.0,200,incomplete_or_missing,2025-10-09,False,
RUSSIA1,2025-10-10,13,13,0,0,51114,70120,0.0,5.0,182.0,200,observed_listed_broadcasts,2025-10-10,True,0.0
RUSSIA1,2025-10-11,10,10,0,0,30876,41938,3.0,6.0,46.0,200,observed_listed_broadcasts,2025-10-11,True,3.0
RUSSIA1,2025-10-12,11,11,0,0,39725,53481,3.0,0.0,99.0,200,observed_listed_broadcasts,2025-10-12,True,3.0
RUSSIA1,2025-10-13,13,13,0,0,57565,73328,2.0,2.0,206.0,200,observed_listed_broadcasts,2025-10-13,True,2.0
RUSSIA1,2025-10-14,12,12,0,0,44467,58450,2.0,1.0,201.0,200,observed_listed_broadcasts,2025-10-14,True,2.0
RUSSIA1,2025-10-15,15,15,0,0,64133,89920,1.0,0.0,166.0,200,observed_listed_broadcasts,2025-10-15,True,1.0
RUSSIA1,2025-10-16,15,15,0,0,64459,80491,3.0,9.0,252.0,200,observed_listed_broadcasts,2025-10-16,True,3.0
RUSSIA1,2025-10-17,13,13,0,0,51024,61725,1.0,0.0,287.0,200,observed_listed_broadcasts,2025-10-17,True,1.0
RUSSIA1,2025-10-18,10,10,0,0,20988,29981,0.0,0.0,52.0,200,observed_listed_broadcasts,2025-10-18,True,0.0
RUSSIA1,2025-10-19,10,10,0,0,37708,47567,2.0,0.0,150.0,200,observed_listed_broadcasts,2025-10-19,True,2.0
RUSSIA1,2025-10-20,14,14,0,0,60479,78896,2.0,6.0,251.0,200,observed_listed_broadcasts,2025-10-20,True,2.0
RUSSIA1,2025-10-21,19,19,0,0,81462,102195,0.0,5.0,285.0,200,observed_listed_broadcasts,2025-10-21,True,0.0
RUSSIA1,2025-10-22,15,15,0,0,57877,78671,0.0,11.0,185.0,200,observed_listed_broadcasts,2025-10-22,True,0.0
RUSSIA1,2025-10-23,16,16,0,0,71643,87324,1.0,2.0,262.0,200,observed_listed_broadcasts,2025-10-23,True,1.0
RUSSIA1,2025-10-24,13,13,0,0,50844,68855,2.0,2.0,143.0,200,observed_listed_broadcasts,2025-10-24,True,2.0
RUSSIA1,2025-10-25,8,8,0,0,30058,44176,0.0,5.0,35.0,200,observed_listed_broadcasts,2025-10-25,True,0.0
RUSSIA1,2025-10-26,10,10,0,0,36415,47465,3.0,15.0,82.0,200,observed_listed_broadcasts,2025-10-26,True,3.0
RUSSIA1,2025-10-27,13,13,0,0,47771,62672,1.0,5.0,161.0,200,observed_listed_broadcasts,2025-10-27,True,1.0
RUSSIA1,2025-10-28,14,14,0,0,60188,76529,3.0,1.0,220.0,200,observed_listed_broadcasts,2025-10-28,True,3.0
RUSSIA1,2025-10-29,16,16,0,0,65944,89888,3.0,4.0,199.0,200,observed_listed_broadcasts,2025-10-29,True,3.0
RUSSIA1,2025-10-30,14,14,0,0,60802,83115,1.0,9.0,265.0,200,observed_listed_broadcasts,2025-10-30,True,1.0
RUSSIA1,2025-10-31,16,16,0,0,62262,85363,0.0,5.0,175.0,200,observed_listed_broadcasts,2025-10-31,True,0.0
RUSSIA1,2025-11-01,10,10,0,0,31658,41573,3.0,8.0,20.0,200,observed_listed_broadcasts,2025-11-01,True,3.0
RUSSIA1,2025-11-02,13,13,0,0,57925,75089,7.0,3.0,78.0,200,observed_listed_broadcasts,2025-11-02,True,7.0
RUSSIA1,2025-11-03,5,5,0,0,12791,14980,1.0,13.0,22.0,200,observed_listed_broadcasts,2025-11-03,True,1.0
RUSSIA1,2025-11-04,7,7,0,0,16845,22700,3.0,0.0,23.0,200,observed_listed_broadcasts,2025-11-04,True,3.0
RUSSIA1,2025-11-05,10,10,0,0,40091,50345,0.0,4.0,61.0,200,observed_listed_broadcasts,2025-11-05,True,0.0
RUSSIA1,2025-11-06,2,2,0,0,6562,9016,1.0,0.0,28.0,200,observed_listed_broadcasts,2025-11-06,True,1.0
RUSSIA1,2025-11-07,0,0,0,0,0,0,,,,404,incomplete_or_missing,2025-11-07,False,
RUSSIA1,2025-11-08,0,0,0,0,0,0,,,,404,incomplete_or_missing,2025-11-08,False,
RUSSIA1,2025-11-09,0,0,0,0,0,0,,,,404,incomplete_or_missing,2025-11-09,False,
RUSSIA1,2025-11-10,0,0,0,0,0,0,,,,404,incomplete_or_missing,2025-11-10,False,
RUSSIA1,2025-11-11,1,1,0,0,3389,3570,1.0,0.0,1.0,200,observed_listed_broadcasts,2025-11-11,True,1.0
RUSSIA1,2025-11-12,16,16,0,0,63862,83021,1.0,1.0,75.0,200,observed_listed_broadcasts,2025-11-12,True,1.0
RUSSIA1,2025-11-13,14,14,0,0,56867,77966,0.0,1.0,152.0,200,observed_listed_broadcasts,2025-11-13,True,0.0
RUSSIA1,2025-11-14,16,16,0,0,64735,76653,0.0,0.0,74.0,200,observed_listed_broadcasts,2025-11-14,True,0.0
RUSSIA1,2025-11-15,10,10,0,0,17082,22373,0.0,0.0,12.0,200,observed_listed_broadcasts,2025-11-15,True,0.0
RUSSIA1,2025-11-16,10,10,0,0,34834,43314,2.0,3.0,42.0,200,observed_listed_broadcasts,2025-11-16,True,2.0
RUSSIA1,2025-11-17,14,14,0,0,43416,59878,0.0,0.0,97.0,200,observed_listed_broadcasts,2025-11-17,True,0.0
RUSSIA1,2025-11-18,15,15,0,0,64233,80024,0.0,1.0,107.0,200,observed_listed_broadcasts,2025-11-18,True,0.0
RUSSIA1,2025-11-19,15,15,0,0,49703,61446,1.0,0.0,93.0,200,observed_listed_broadcasts,2025-11-19,True,1.0
RUSSIA1,2025-11-20,15,15,0,0,56119,75002,0.0,1.0,126.0,200,observed_listed_broadcasts,2025-11-20,True,0.0
RUSSIA1,2025-11-21,13,13,0,0,48946,57791,1.0,1.0,105.0,200,observed_listed_broadcasts,2025-11-21,True,1.0
RUSSIA1,2025-11-22,9,9,0,0,14933,20886,0.0,0.0,52.0,200,observed_listed_broadcasts,2025-11-22,True,0.0
RUSSIA1,2025-11-23,10,10,0,0,34946,46471,0.0,0.0,130.0,200,observed_listed_broadcasts,2025-11-23,True,0.0
RUSSIA1,2025-11-24,13,13,0,0,56809,72811,0.0,0.0,180.0,200,observed_listed_broadcasts,2025-11-24,True,0.0
RUSSIA1,2025-11-25,15,15,0,0,61247,78633,0.0,0.0,167.0,200,observed_listed_broadcasts,2025-11-25,True,0.0
RUSSIA1,2025-11-26,16,16,0,0,64479,87160,0.0,0.0,195.0,200,observed_listed_broadcasts,2025-11-26,True,0.0
RUSSIA1,2025-11-27,16,16,0,0,64412,82681,6.0,3.0,113.0,200,observed_listed_broadcasts,2025-11-27,True,6.0
RUSSIA1,2025-11-28,14,14,0,0,54245,65996,2.0,0.0,116.0,200,observed_listed_broadcasts,2025-11-28,True,2.0
RUSSIA1,2025-11-29,10,10,0,0,19086,27941,0.0,1.0,22.0,200,observed_listed_broadcasts,2025-11-29,True,0.0
RUSSIA1,2025-11-30,11,11,0,0,39934,51610,1.0,4.0,58.0,200,observed_listed_broadcasts,2025-11-30,True,1.0
RUSSIA1,2025-12-01,15,15,0,0,64931,87960,0.0,1.0,109.0,200,observed_listed_broadcasts,2025-12-01,True,0.0
RUSSIA1,2025-12-02,17,17,0,0,68125,80792,2.0,3.0,108.0,200,observed_listed_broadcasts,2025-12-02,True,2.0
RUSSIA1,2025-12-03,15,15,0,0,55394,67916,3.0,2.0,120.0,200,observed_listed_broadcasts,2025-12-03,True,3.0
RUSSIA1,2025-12-04,14,14,0,0,58684,78941,1.0,0.0,134.0,200,observed_listed_broadcasts,2025-12-04,True,1.0
RUSSIA1,2025-12-05,14,14,0,0,41925,52018,0.0,0.0,83.0,200,observed_listed_broadcasts,2025-12-05,True,0.0
RUSSIA1,2025-12-06,12,12,0,0,34923,48704,0.0,0.0,26.0,200,observed_listed_broadcasts,2025-12-06,True,0.0
RUSSIA1,2025-12-07,11,11,0,0,43612,52960,0.0,0.0,90.0,200,observed_listed_broadcasts,2025-12-07,True,0.0
RUSSIA1,2025-12-08,14,14,0,0,55553,77377,1.0,7.0,129.0,200,observed_listed_broadcasts,2025-12-08,True,1.0
RUSSIA1,2025-12-09,16,16,0,0,69957,92303,2.0,1.0,227.0,200,observed_listed_broadcasts,2025-12-09,True,2.0
RUSSIA1,2025-12-10,15,15,0,0,61876,79930,0.0,2.0,195.0,200,observed_listed_broadcasts,2025-12-10,True,0.0
RUSSIA1,2025-12-11,14,14,0,0,57576,76207,0.0,0.0,204.0,200,observed_listed_broadcasts,2025-12-11,True,0.0
RUSSIA1,2025-12-12,14,14,0,0,53186,68120,2.0,0.0,171.0,200,observed_listed_broadcasts,2025-12-12,True,2.0
RUSSIA1,2025-12-13,9,9,0,0,21179,26545,0.0,0.0,16.0,200,observed_listed_broadcasts,2025-12-13,True,0.0
RUSSIA1,2025-12-14,12,12,0,0,42556,59093,0.0,1.0,81.0,200,observed_listed_broadcasts,2025-12-14,True,0.0
RUSSIA1,2025-12-15,14,14,0,0,60833,77437,0.0,0.0,122.0,200,observed_listed_broadcasts,2025-12-15,True,0.0
RUSSIA1,2025-12-16,15,15,0,0,63558,76493,0.0,0.0,113.0,200,observed_listed_broadcasts,2025-12-16,True,0.0
RUSSIA1,2025-12-17,15,15,0,0,61389,77037,1.0,0.0,68.0,200,observed_listed_broadcasts,2025-12-17,True,1.0
RUSSIA1,2025-12-18,13,13,0,0,44653,59907,0.0,1.0,102.0,200,observed_listed_broadcasts,2025-12-18,True,0.0
RUSSIA1,2025-12-19,11,11,0,0,56519,64728,0.0,0.0,50.0,200,observed_listed_broadcasts,2025-12-19,True,0.0
RUSSIA1,2025-12-20,10,10,0,0,23148,31158,0.0,0.0,5.0,200,observed_listed_broadcasts,2025-12-20,True,0.0
RUSSIA1,2025-12-21,11,11,0,0,42864,51959,2.0,3.0,48.0,200,observed_listed_broadcasts,2025-12-21,True,2.0
RUSSIA1,2025-12-22,15,15,0,0,64778,73577,1.0,0.0,56.0,200,observed_listed_broadcasts,2025-12-22,True,1.0
RUSSIA1,2025-12-23,16,16,0,0,65560,85147,3.0,4.0,174.0,200,observed_listed_broadcasts,2025-12-23,True,3.0
RUSSIA1,2025-12-24,16,16,0,0,61012,73445,5.0,0.0,84.0,200,observed_listed_broadcasts,2025-12-24,True,5.0
RUSSIA1,2025-12-25,13,13,0,0,55972,68191,0.0,7.0,74.0,200,observed_listed_broadcasts,2025-12-25,True,0.0
RUSSIA1,2025-12-26,13,13,0,0,55133,75958,0.0,0.0,103.0,200,observed_listed_broadcasts,2025-12-26,True,0.0
RUSSIA1,2025-12-27,10,10,0,0,32642,41959,0.0,0.0,26.0,200,observed_listed_broadcasts,2025-12-27,True,0.0
RUSSIA1,2025-12-28,9,9,0,0,34591,39996,0.0,1.0,76.0,200,observed_listed_broadcasts,2025-12-28,True,0.0
RUSSIA1,2025-12-29,10,10,0,0,29712,33168,0.0,0.0,102.0,200,observed_listed_broadcasts,2025-12-29,True,0.0
RUSSIA1,2025-12-30,8,8,0,0,21049,24376,0.0,0.0,39.0,200,observed_listed_broadcasts,2025-12-30,True,0.0
RUSSIA1,2025-12-31,4,4,0,0,4748,6103,0.0,0.0,3.0,200,observed_listed_broadcasts,2025-12-31,True,0.0
RUSSIA1,2026-01-01,3,3,0,0,15202,17357,0.0,0.0,1.0,200,observed_listed_broadcasts,2026-01-01,True,0.0
RUSSIA1,2026-01-02,5,5,0,0,12454,17589,0.0,0.0,8.0,200,observed_listed_broadcasts,2026-01-02,True,0.0
RUSSIA1,2026-01-03,7,7,0,0,20279,24805,0.0,0.0,37.0,200,observed_listed_broadcasts,2026-01-03,True,0.0
RUSSIA1,2026-01-04,6,6,0,0,21799,28989,0.0,0.0,72.0,200,observed_listed_broadcasts,2026-01-04,True,0.0
RUSSIA1,2026-01-05,9,9,0,0,35741,46123,0.0,1.0,30.0,200,observed_listed_broadcasts,2026-01-05,True,0.0
RUSSIA1,2026-01-06,6,6,0,0,14019,18387,0.0,0.0,48.0,200,observed_listed_broadcasts,2026-01-06,True,0.0
RUSSIA1,2026-01-07,6,6,0,0,19614,25606,0.0,0.0,34.0,200,observed_listed_broadcasts,2026-01-07,True,0.0
RUSSIA1,2026-01-08,8,8,0,0,27358,34669,0.0,1.0,32.0,200,observed_listed_broadcasts,2026-01-08,True,0.0
RUSSIA1,2026-01-09,7,7,0,0,18142,26913,0.0,8.0,34.0,200,observed_listed_broadcasts,2026-01-09,True,0.0
RUSSIA1,2026-01-10,5,5,0,0,12496,18102,0.0,0.0,30.0,200,observed_listed_broadcasts,2026-01-10,True,0.0
RUSSIA1,2026-01-11,7,7,0,0,27939,35742,0.0,1.0,70.0,200,observed_listed_broadcasts,2026-01-11,True,0.0
RUSSIA1,2026-01-12,11,11,0,0,34645,46810,1.0,0.0,190.0,200,observed_listed_broadcasts,2026-01-12,True,1.0
RUSSIA1,2026-01-13,15,15,0,0,53315,71676,0.0,0.0,214.0,200,observed_listed_broadcasts,2026-01-13,True,0.0
RUSSIA1,2026-01-14,14,14,0,0,50621,68738,0.0,1.0,219.0,200,observed_listed_broadcasts,2026-01-14,True,0.0
RUSSIA1,2026-01-15,15,15,0,0,57800,76418,0.0,0.0,203.0,200,observed_listed_broadcasts,2026-01-15,True,0.0
RUSSIA1,2026-01-16,17,17,0,0,64654,85723,0.0,0.0,193.0,200,observed_listed_broadcasts,2026-01-16,True,0.0
RUSSIA1,2026-01-17,9,9,0,0,27910,39227,0.0,0.0,36.0,200,observed_listed_broadcasts,2026-01-17,True,0.0
RUSSIA1,2026-01-18,13,13,0,0,45558,61125,6.0,0.0,163.0,200,observed_listed_broadcasts,2026-01-18,True,6.0
RUSSIA1,2026-01-19,14,14,0,0,61599,88876,0.0,0.0,291.0,200,observed_listed_broadcasts,2026-01-19,True,0.0
RUSSIA1,2026-01-20,15,15,0,0,61689,74157,2.0,1.0,309.0,200,observed_listed_broadcasts,2026-01-20,True,2.0
RUSSIA1,2026-01-21,15,15,0,0,63621,83016,0.0,2.0,397.0,200,observed_listed_broadcasts,2026-01-21,True,0.0
RUSSIA1,2026-01-22,17,17,0,0,62543,84306,1.0,0.0,307.0,200,observed_listed_broadcasts,2026-01-22,True,1.0
RUSSIA1,2026-01-23,16,16,0,0,64294,81114,0.0,1.0,195.0,200,observed_listed_broadcasts,2026-01-23,True,0.0
RUSSIA1,2026-01-24,9,9,0,0,18816,25193,0.0,0.0,15.0,200,observed_listed_broadcasts,2026-01-24,True,0.0
RUSSIA1,2026-01-25,12,12,0,0,42493,55770,1.0,1.0,110.0,200,observed_listed_broadcasts,2026-01-25,True,1.0
RUSSIA1,2026-01-26,14,14,0,0,61752,79341,0.0,0.0,160.0,200,observed_listed_broadcasts,2026-01-26,True,0.0
RUSSIA1,2026-01-27,18,18,0,0,72805,96396,1.0,0.0,114.0,200,observed_listed_broadcasts,2026-01-27,True,1.0
RUSSIA1,2026-01-28,15,15,0,0,63224,85301,0.0,0.0,225.0,200,observed_listed_broadcasts,2026-01-28,True,0.0
RUSSIA1,2026-01-29,14,14,0,0,59737,70196,4.0,0.0,100.0,200,observed_listed_broadcasts,2026-01-29,True,4.0
RUSSIA1,2026-01-30,15,15,0,0,63207,88346,1.0,0.0,117.0,200,observed_listed_broadcasts,2026-01-30,True,1.0
RUSSIA1,2026-01-31,13,13,0,0,40761,55707,0.0,0.0,23.0,200,observed_listed_broadcasts,2026-01-31,True,0.0
RUSSIA1,2026-02-01,13,13,0,0,46022,58915,4.0,0.0,64.0,200,observed_listed_broadcasts,2026-02-01,True,4.0
RUSSIA1,2026-02-02,17,17,0,0,71777,89308,1.0,0.0,108.0,200,observed_listed_broadcasts,2026-02-02,True,1.0
RUSSIA1,2026-02-03,14,14,0,0,61743,83823,1.0,0.0,125.0,200,observed_listed_broadcasts,2026-02-03,True,1.0
RUSSIA1,2026-02-04,15,15,0,0,63573,88032,0.0,1.0,153.0,200,observed_listed_broadcasts,2026-02-04,True,0.0
RUSSIA1,2026-02-05,14,14,0,0,59283,76842,0.0,0.0,107.0,200,observed_listed_broadcasts,2026-02-05,True,0.0
RUSSIA1,2026-02-06,14,14,0,0,61967,87098,0.0,1.0,66.0,200,observed_listed_broadcasts,2026-02-06,True,0.0
RUSSIA1,2026-02-07,11,11,0,0,39770,52927,0.0,1.0,6.0,200,observed_listed_broadcasts,2026-02-07,True,0.0
RUSSIA1,2026-02-08,11,11,0,0,41142,54009,1.0,0.0,18.0,200,observed_listed_broadcasts,2026-02-08,True,1.0
RUSSIA1,2026-02-09,16,16,0,0,68188,83482,0.0,1.0,77.0,200,observed_listed_broadcasts,2026-02-09,True,0.0
RUSSIA1,2026-02-10,15,15,0,0,62680,83391,3.0,1.0,47.0,200,observed_listed_broadcasts,2026-02-10,True,3.0
RUSSIA1,2026-02-11,15,15,0,0,62992,82062,0.0,1.0,100.0,200,observed_listed_broadcasts,2026-02-11,True,0.0
RUSSIA1,2026-02-12,15,15,0,0,63399,81323,0.0,0.0,72.0,200,observed_listed_broadcasts,2026-02-12,True,0.0
RUSSIA1,2026-02-13,15,15,0,0,58191,75561,1.0,1.0,61.0,200,observed_listed_broadcasts,2026-02-13,True,1.0
RUSSIA1,2026-02-14,9,9,0,0,19239,24264,0.0,0.0,6.0,200,observed_listed_broadcasts,2026-02-14,True,0.0
RUSSIA1,2026-02-15,9,9,0,0,32429,42249,3.0,0.0,45.0,200,observed_listed_broadcasts,2026-02-15,True,3.0
RUSSIA1,2026-02-16,14,14,0,0,54368,64724,0.0,1.0,82.0,200,observed_listed_broadcasts,2026-02-16,True,0.0
RUSSIA1,2026-02-17,16,16,0,0,70998,88870,2.0,4.0,146.0,200,observed_listed_broadcasts,2026-02-17,True,2.0
RUSSIA1,2026-02-18,15,15,0,0,63668,81598,1.0,0.0,107.0,200,observed_listed_broadcasts,2026-02-18,True,1.0
RUSSIA1,2026-02-19,15,15,0,0,63489,88377,2.0,0.0,128.0,200,observed_listed_broadcasts,2026-02-19,True,2.0
RUSSIA1,2026-02-20,14,14,0,0,54493,75124,0.0,0.0,97.0,200,observed_listed_broadcasts,2026-02-20,True,0.0
RUSSIA1,2026-02-21,13,13,0,0,38552,52275,2.0,0.0,26.0,200,observed_listed_broadcasts,2026-02-21,True,2.0
RUSSIA1,2026-02-22,11,11,0,0,38214,47930,0.0,0.0,84.0,200,observed_listed_broadcasts,2026-02-22,True,0.0
RUSSIA1,2026-02-23,6,6,0,0,14055,16816,0.0,0.0,7.0,200,observed_listed_broadcasts,2026-02-23,True,0.0
RUSSIA1,2026-02-24,13,13,0,0,53219,68659,0.0,0.0,96.0,200,observed_listed_broadcasts,2026-02-24,True,0.0
RUSSIA1,2026-02-25,14,14,0,0,55820,70875,0.0,0.0,140.0,200,observed_listed_broadcasts,2026-02-25,True,0.0
RUSSIA1,2026-02-26,16,16,0,0,63823,82277,1.0,2.0,140.0,200,observed_listed_broadcasts,2026-02-26,True,1.0
RUSSIA1,2026-02-27,15,15,0,0,49291,62194,4.0,1.0,70.0,200,observed_listed_broadcasts,2026-02-27,True,4.0
RUSSIA1,2026-02-28,9,9,0,0,19332,28223,2.0,2.0,32.0,200,observed_listed_broadcasts,2026-02-28,True,2.0
RUSSIA1,2026-03-01,12,12,0,0,43246,55020,6.0,0.0,58.0,200,observed_listed_broadcasts,2026-03-01,True,6.0
RUSSIA1,2026-03-02,13,13,0,0,58632,74689,0.0,0.0,159.0,200,observed_listed_broadcasts,2026-03-02,True,0.0
RUSSIA1,2026-03-03,14,14,0,0,48668,62820,0.0,0.0,165.0,200,observed_listed_broadcasts,2026-03-03,True,0.0
RUSSIA1,2026-03-04,14,14,0,0,59028,78128,0.0,1.0,170.0,200,observed_listed_broadcasts,2026-03-04,True,0.0
RUSSIA1,2026-03-05,13,13,0,0,46229,58744,7.0,0.0,127.0,200,observed_listed_broadcasts,2026-03-05,True,7.0
RUSSIA1,2026-03-06,14,14,0,0,51276,67140,0.0,0.0,117.0,200,observed_listed_broadcasts,2026-03-06,True,0.0
RUSSIA1,2026-03-07,10,10,0,0,32360,45153,0.0,0.0,25.0,200,observed_listed_broadcasts,2026-03-07,True,0.0
RUSSIA1,2026-03-08,8,8,0,0,34701,41887,1.0,0.0,57.0,200,observed_listed_broadcasts,2026-03-08,True,1.0
RUSSIA1,2026-03-09,4,4,0,0,9704,14102,0.0,0.0,15.0,200,observed_listed_broadcasts,2026-03-09,True,0.0
RUSSIA1,2026-03-10,13,13,0,0,56248,76234,0.0,0.0,231.0,200,observed_listed_broadcasts,2026-03-10,True,0.0
RUSSIA1,2026-03-11,16,16,0,0,66509,92866,0.0,0.0,132.0,200,observed_listed_broadcasts,2026-03-11,True,0.0
RUSSIA1,2026-03-12,15,15,0,0,62468,79634,0.0,0.0,147.0,200,observed_listed_broadcasts,2026-03-12,True,0.0
RUSSIA1,2026-03-13,16,16,0,0,57310,75394,0.0,0.0,100.0,200,observed_listed_broadcasts,2026-03-13,True,0.0
RUSSIA1,2026-03-14,7,7,0,0,14151,19184,0.0,0.0,25.0,200,observed_listed_broadcasts,2026-03-14,True,0.0
RUSSIA1,2026-03-15,11,11,0,0,39849,53133,2.0,0.0,69.0,200,observed_listed_broadcasts,2026-03-15,True,2.0
RUSSIA1,2026-03-16,14,14,0,0,55274,71063,0.0,0.0,162.0,200,observed_listed_broadcasts,2026-03-16,True,0.0
RUSSIA1,2026-03-17,16,16,0,0,70351,91265,0.0,0.0,275.0,200,observed_listed_broadcasts,2026-03-17,True,0.0
RUSSIA1,2026-03-18,15,15,0,0,62908,81204,2.0,0.0,204.0,200,observed_listed_broadcasts,2026-03-18,True,2.0
RUSSIA1,2026-03-19,17,17,0,0,68143,90434,0.0,0.0,170.0,200,observed_listed_broadcasts,2026-03-19,True,0.0
RUSSIA1,2026-03-20,14,14,0,0,61403,78417,0.0,0.0,132.0,200,observed_listed_broadcasts,2026-03-20,True,0.0
RUSSIA1,2026-03-21,12,11,1,0,27374,37992,0.0,0.0,12.0,200,incomplete_or_missing,2026-03-21,False,
RUSSIA1,2026-03-22,10,10,0,0,24796,28518,0.0,0.0,22.0,200,observed_listed_broadcasts,2026-03-22,True,0.0
RUSSIA1,2026-03-23,0,0,0,0,0,0,,,,404,incomplete_or_missing,2026-03-23,False,
RUSSIA1,2026-03-24,16,16,0,0,65589,85102,0.0,2.0,221.0,200,observed_listed_broadcasts,2026-03-24,True,0.0
RUSSIA1,2026-03-25,13,13,0,0,54241,76826,0.0,0.0,149.0,200,observed_listed_broadcasts,2026-03-25,True,0.0
RUSSIA1,2026-03-26,14,14,0,0,56453,72709,0.0,0.0,161.0,200,observed_listed_broadcasts,2026-03-26,True,0.0
RUSSIA1,2026-03-27,15,15,0,0,56430,72323,0.0,1.0,132.0,200,observed_listed_broadcasts,2026-03-27,True,0.0
RUSSIA1,2026-03-28,8,8,0,0,23348,30274,0.0,0.0,14.0,200,observed_listed_broadcasts,2026-03-28,True,0.0
RUSSIA1,2026-03-29,13,13,0,0,59163,67965,0.0,0.0,55.0,200,observed_listed_broadcasts,2026-03-29,True,0.0
RUSSIA1,2026-03-30,16,16,0,0,72217,86499,2.0,3.0,170.0,200,observed_listed_broadcasts,2026-03-30,True,2.0
RUSSIA1,2026-03-31,15,15,0,0,65271,77088,3.0,1.0,227.0,200,observed_listed_broadcasts,2026-03-31,True,3.0
RUSSIA1,2026-04-01,13,13,0,0,44544,60715,1.0,1.0,181.0,200,observed_listed_broadcasts,2026-04-01,True,1.0
RUSSIA1,2026-04-02,15,15,0,0,61962,85431,4.0,2.0,251.0,200,observed_listed_broadcasts,2026-04-02,True,4.0
RUSSIA1,2026-04-03,14,14,0,0,52051,75487,0.0,0.0,145.0,200,observed_listed_broadcasts,2026-04-03,True,0.0
RUSSIA1,2026-04-04,6,6,0,0,13965,19147,0.0,1.0,11.0,200,observed_listed_broadcasts,2026-04-04,True,0.0
RUSSIA1,2026-04-05,12,12,0,0,52812,67833,5.0,0.0,84.0,200,observed_listed_broadcasts,2026-04-05,True,5.0
RUSSIA1,2026-04-06,13,13,0,0,57047,81953,0.0,0.0,223.0,200,observed_listed_broadcasts,2026-04-06,True,0.0
RUSSIA1,2026-04-07,16,16,0,0,62973,89481,0.0,1.0,206.0,200,observed_listed_broadcasts,2026-04-07,True,0.0
RUSSIA1,2026-04-08,17,17,0,0,67271,96768,0.0,0.0,298.0,200,observed_listed_broadcasts,2026-04-08,True,0.0
RUSSIA1,2026-04-09,17,17,0,0,66620,90470,3.0,0.0,281.0,200,observed_listed_broadcasts,2026-04-09,True,3.0
RUSSIA1,2026-04-10,15,15,0,0,46867,63233,0.0,1.0,144.0,200,observed_listed_broadcasts,2026-04-10,True,0.0
RUSSIA1,2026-04-11,13,13,0,0,44652,51591,0.0,3.0,47.0,200,observed_listed_broadcasts,2026-04-11,True,0.0
RUSSIA1,2026-04-12,11,11,0,0,42261,51670,1.0,0.0,94.0,200,observed_listed_broadcasts,2026-04-12,True,1.0
RUSSIA1,2026-04-13,13,13,0,0,59292,74759,2.0,1.0,246.0,200,observed_listed_broadcasts,2026-04-13,True,2.0
RUSSIA1,2026-04-14,2,2,0,0,10271,10651,0.0,0.0,35.0,200,observed_listed_broadcasts,2026-04-14,True,0.0
RUSSIA1,2026-04-15,14,14,0,0,57755,81235,2.0,0.0,232.0,200,observed_listed_broadcasts,2026-04-15,True,2.0
RUSSIA1,2026-04-16,13,13,0,0,53771,69671,0.0,0.0,205.0,200,observed_listed_broadcasts,2026-04-16,True,0.0
RUSSIA1,2026-04-17,14,14,0,0,53855,72895,0.0,0.0,178.0,200,observed_listed_broadcasts,2026-04-17,True,0.0
RUSSIA1,2026-04-18,5,5,0,0,12966,17253,0.0,0.0,21.0,200,observed_listed_broadcasts,2026-04-18,True,0.0
RUSSIA1,2026-04-19,13,13,0,0,41005,56542,0.0,0.0,116.0,200,observed_listed_broadcasts,2026-04-19,True,0.0
RUSSIA1,2026-04-20,13,13,0,0,51846,64352,0.0,0.0,86.0,200,observed_listed_broadcasts,2026-04-20,True,0.0
RUSSIA1,2026-04-21,17,17,0,0,69656,87479,1.0,1.0,165.0,200,observed_listed_broadcasts,2026-04-21,True,1.0
RUSSIA1,2026-04-22,16,16,0,0,70124,91244,0.0,3.0,199.0,200,observed_listed_broadcasts,2026-04-22,True,0.0
RUSSIA1,2026-04-23,15,15,0,0,58175,84899,0.0,3.0,99.0,200,observed_listed_broadcasts,2026-04-23,True,0.0
RUSSIA1,2026-04-24,13,13,0,0,50696,67903,0.0,0.0,157.0,200,observed_listed_broadcasts,2026-04-24,True,0.0
RUSSIA1,2026-04-25,8,7,1,0,20921,27820,0.0,0.0,11.0,200,incomplete_or_missing,2026-04-25,False,
RUSSIA1,2026-04-26,11,11,0,0,30416,40903,2.0,2.0,66.0,200,observed_listed_broadcasts,2026-04-26,True,2.0
RUSSIA1,2026-04-27,14,14,0,0,61054,82314,4.0,0.0,232.0,200,observed_listed_broadcasts,2026-04-27,True,4.0
RUSSIA1,2026-04-28,15,15,0,0,63748,89345,0.0,1.0,210.0,200,observed_listed_broadcasts,2026-04-28,True,0.0
RUSSIA1,2026-04-29,16,16,0,0,68467,82039,1.0,0.0,237.0,200,observed_listed_broadcasts,2026-04-29,True,1.0
RUSSIA1,2026-04-30,12,12,0,0,34530,46433,1.0,1.0,190.0,200,observed_listed_broadcasts,2026-04-30,True,1.0
RUSSIA1,2026-05-01,7,7,0,0,51395,63088,0.0,0.0,26.0,200,observed_listed_broadcasts,2026-05-01,True,0.0
RUSSIA1,2026-05-02,10,10,0,0,30293,38695,0.0,0.0,49.0,200,observed_listed_broadcasts,2026-05-02,True,0.0
RUSSIA1,2026-05-03,10,10,0,0,35168,46472,0.0,0.0,85.0,200,observed_listed_broadcasts,2026-05-03,True,0.0
RUSSIA1,2026-05-04,13,13,0,0,50668,66629,0.0,3.0,142.0,200,observed_listed_broadcasts,2026-05-04,True,0.0
RUSSIA1,2026-05-05,13,13,0,0,48413,65998,0.0,0.0,127.0,200,observed_listed_broadcasts,2026-05-05,True,0.0
RUSSIA1,2026-05-06,13,13,0,0,49085,69570,0.0,0.0,103.0,200,observed_listed_broadcasts,2026-05-06,True,0.0
RUSSIA1,2026-05-07,13,13,0,0,48395,62615,6.0,1.0,108.0,200,observed_listed_broadcasts,2026-05-07,True,6.0
RUSSIA1,2026-05-08,14,14,0,0,52261,69925,2.0,1.0,61.0,200,observed_listed_broadcasts,2026-05-08,True,2.0
RUSSIA1,2026-05-09,9,9,0,0,37943,43081,11.0,1.0,18.0,200,observed_listed_broadcasts,2026-05-09,True,11.0
RUSSIA1,2026-05-10,7,7,0,0,28526,36762,0.0,0.0,49.0,200,observed_listed_broadcasts,2026-05-10,True,0.0
RUSSIA1,2026-05-11,9,9,0,0,24448,30463,1.0,1.0,39.0,200,observed_listed_broadcasts,2026-05-11,True,1.0
RUSSIA1,2026-05-12,13,13,0,0,55151,60349,1.0,0.0,112.0,200,observed_listed_broadcasts,2026-05-12,True,1.0
RUSSIA1,2026-05-13,16,16,0,0,67832,90520,0.0,0.0,183.0,200,observed_listed_broadcasts,2026-05-13,True,0.0
RUSSIA1,2026-05-14,16,16,0,0,67537,82662,0.0,3.0,177.0,200,observed_listed_broadcasts,2026-05-14,True,0.0
RUSSIA1,2026-05-15,14,14,0,0,51615,63518,0.0,0.0,127.0,200,observed_listed_broadcasts,2026-05-15,True,0.0
RUSSIA1,2026-05-16,11,11,0,0,23161,30904,0.0,0.0,13.0,200,observed_listed_broadcasts,2026-05-16,True,0.0
RUSSIA1,2026-05-17,10,10,0,0,35677,46822,1.0,1.0,47.0,200,observed_listed_broadcasts,2026-05-17,True,1.0
RUSSIA1,2026-05-18,14,14,0,0,53158,76126,1.0,0.0,96.0,200,observed_listed_broadcasts,2026-05-18,True,1.0
RUSSIA1,2026-05-19,15,15,0,0,63574,82100,1.0,0.0,117.0,200,observed_listed_broadcasts,2026-05-19,True,1.0
RUSSIA1,2026-05-20,16,16,0,0,69261,87579,0.0,3.0,77.0,200,observed_listed_broadcasts,2026-05-20,True,0.0
RUSSIA1,2026-05-21,14,14,0,0,55737,71186,0.0,1.0,99.0,200,observed_listed_broadcasts,2026-05-21,True,0.0
RUSSIA1,2026-05-22,15,15,0,0,66125,82856,0.0,0.0,55.0,200,observed_listed_broadcasts,2026-05-22,True,0.0
RUSSIA1,2026-05-23,9,9,0,0,17388,23332,0.0,0.0,16.0,200,observed_listed_broadcasts,2026-05-23,True,0.0
RUSSIA1,2026-05-24,11,11,0,0,42633,54877,3.0,2.0,80.0,200,observed_listed_broadcasts,2026-05-24,True,3.0
RUSSIA1,2026-05-25,13,13,0,0,45101,52601,0.0,2.0,46.0,200,observed_listed_broadcasts,2026-05-25,True,0.0
RUSSIA1,2026-05-26,16,16,0,0,67082,86750,1.0,1.0,51.0,200,observed_listed_broadcasts,2026-05-26,True,1.0
RUSSIA1,2026-05-27,14,14,0,0,60085,73148,0.0,2.0,88.0,200,observed_listed_broadcasts,2026-05-27,True,0.0
RUSSIA1,2026-05-28,14,14,0,0,48110,63388,0.0,0.0,89.0,200,observed_listed_broadcasts,2026-05-28,True,0.0
RUSSIA1,2026-05-29,13,13,0,0,48653,56374,0.0,7.0,55.0,200,observed_listed_broadcasts,2026-05-29,True,0.0
RUSSIA1,2026-05-30,11,11,0,0,30724,42001,0.0,0.0,22.0,200,observed_listed_broadcasts,2026-05-30,True,0.0
RUSSIA1,2026-05-31,9,9,0,0,36747,45374,2.0,0.0,35.0,200,observed_listed_broadcasts,2026-05-31,True,2.0
RUSSIA1,2026-06-01,14,14,0,0,59975,74856,1.0,1.0,87.0,200,observed_listed_broadcasts,2026-06-01,True,1.0
RUSSIA1,2026-06-02,16,16,0,0,62906,82313,0.0,1.0,103.0,200,observed_listed_broadcasts,2026-06-02,True,0.0
RUSSIA1,2026-06-03,14,14,0,0,55675,73251,0.0,3.0,65.0,200,observed_listed_broadcasts,2026-06-03,True,0.0
RUSSIA1,2026-06-04,16,16,0,0,51564,62576,1.0,0.0,73.0,200,observed_listed_broadcasts,2026-06-04,True,1.0
RUSSIA1,2026-06-05,16,16,0,0,59993,75747,1.0,0.0,66.0,200,observed_listed_broadcasts,2026-06-05,True,1.0
RUSSIA1,2026-06-06,10,10,0,0,19284,23839,0.0,0.0,9.0,200,observed_listed_broadcasts,2026-06-06,True,0.0
RUSSIA1,2026-06-07,8,8,0,0,30101,38175,2.0,0.0,33.0,200,observed_listed_broadcasts,2026-06-07,True,2.0
RUSSIA1,2026-06-08,15,15,0,0,59655,73095,1.0,1.0,94.0,200,observed_listed_broadcasts,2026-06-08,True,1.0
RUSSIA1,2026-06-09,13,13,0,0,43021,56558,0.0,1.0,101.0,200,observed_listed_broadcasts,2026-06-09,True,0.0
RUSSIA1,2026-06-10,13,13,0,0,31415,42357,4.0,0.0,63.0,200,observed_listed_broadcasts,2026-06-10,True,4.0
RUSSIA1,2026-06-11,11,11,0,0,38136,48956,2.0,0.0,112.0,200,observed_listed_broadcasts,2026-06-11,True,2.0
RUSSIA1,2026-06-12,10,10,0,0,22059,27578,2.0,1.0,9.0,200,observed_listed_broadcasts,2026-06-12,True,2.0
RUSSIA1,2026-06-13,8,8,0,0,25005,24529,0.0,0.0,10.0,200,observed_listed_broadcasts,2026-06-13,True,0.0
RUSSIA1,2026-06-14,11,11,0,0,30928,37552,0.0,0.0,49.0,200,observed_listed_broadcasts,2026-06-14,True,0.0
RUSSIA1,2026-06-15,31,31,0,0,35892,48293,0.0,0.0,77.0,200,observed_listed_broadcasts,2026-06-15,True,0.0
RUSSIA1,2026-06-16,35,35,0,0,43908,56156,0.0,1.0,111.0,200,observed_listed_broadcasts,2026-06-16,True,0.0
RUSSIA1,2026-06-17,33,33,0,0,43400,55316,1.0,0.0,158.0,200,observed_listed_broadcasts,2026-06-17,True,1.0
RUSSIA1,2026-06-18,36,36,0,0,66953,88069,0.0,0.0,200.0,200,observed_listed_broadcasts,2026-06-18,True,0.0
RUSSIA1,2026-06-19,33,33,0,0,61360,82998,3.0,1.0,156.0,200,observed_listed_broadcasts,2026-06-19,True,3.0
RUSSIA1,2026-06-20,12,12,0,0,22279,31494,0.0,0.0,16.0,200,observed_listed_broadcasts,2026-06-20,True,0.0
RUSSIA1,2026-06-21,18,18,0,0,33466,42241,1.0,0.0,66.0,200,observed_listed_broadcasts,2026-06-21,True,1.0
RUSSIA1,2026-06-22,36,36,0,0,66946,86511,0.0,0.0,113.0,200,observed_listed_broadcasts,2026-06-22,True,0.0
RUSSIA1,2026-06-23,40,40,0,0,74141,96739,11.0,1.0,48.0,200,observed_listed_broadcasts,2026-06-23,True,11.0
RUSSIA1,2026-06-24,37,37,0,0,68687,88279,0.0,0.0,158.0,200,observed_listed_broadcasts,2026-06-24,True,0.0
RUSSIA1,2026-06-25,33,33,0,0,61292,80457,3.0,0.0,148.0,200,observed_listed_broadcasts,2026-06-25,True,3.0
RUSSIA1,2026-06-26,13,13,0,0,36237,46234,1.0,0.0,40.0,200,observed_listed_broadcasts,2026-06-26,True,1.0
RUSSIA1,2026-06-27,9,9,0,0,19455,26507,0.0,0.0,0.0,200,observed_listed_broadcasts,2026-06-27,True,0.0
RUSSIA1,2026-06-28,10,10,0,0,39285,48945,8.0,0.0,42.0,200,observed_listed_broadcasts,2026-06-28,True,8.0
RUSSIA1,2026-06-29,14,14,0,0,55885,67081,3.0,6.0,53.0,200,observed_listed_broadcasts,2026-06-29,True,3.0
RUSSIA1,2026-06-30,14,14,0,0,62207,83788,3.0,6.0,47.0,200,observed_listed_broadcasts,2026-06-30,True,3.0
RUSSIA1,2026-07-01,14,14,0,0,65941,85460,0.0,2.0,55.0,200,observed_listed_broadcasts,2026-07-01,True,0.0
RUSSIA1,2026-07-02,13,13,0,0,61290,84126,0.0,0.0,64.0,200,observed_listed_broadcasts,2026-07-02,True,0.0
RUSSIA1,2026-07-03,11,11,0,0,52649,64140,0.0,0.0,74.0,200,observed_listed_broadcasts,2026-07-03,True,0.0
RUSSIA1,2026-07-04,15,15,0,0,27898,36569,0.0,0.0,7.0,200,observed_listed_broadcasts,2026-07-04,True,0.0
RUSSIA1,2026-07-05,14,14,0,0,26022,33656,1.0,0.0,54.0,200,observed_listed_broadcasts,2026-07-05,True,1.0
RUSSIA1,2026-07-06,29,29,0,0,53846,71356,0.0,0.0,150.0,200,observed_listed_broadcasts,2026-07-06,True,0.0
RUSSIA1,2026-07-07,33,33,0,0,61380,82999,2.0,1.0,127.0,200,observed_listed_broadcasts,2026-07-07,True,2.0
RUSSIA1,2026-07-08,33,33,0,0,61337,80827,6.0,0.0,204.0,200,observed_listed_broadcasts,2026-07-08,True,6.0
RUSSIA1,2026-07-09,33,33,0,0,61292,85649,0.0,1.0,183.0,200,observed_listed_broadcasts,2026-07-09,True,0.0
RUSSIA1,2026-07-10,34,34,0,0,63212,80656,0.0,2.0,103.0,200,observed_listed_broadcasts,2026-07-10,True,0.0
RUSSIA1,2026-07-11,16,16,0,0,29726,40104,0.0,0.0,27.0,200,observed_listed_broadcasts,2026-07-11,True,0.0
RUSSIA1,2026-07-12,17,17,0,0,49597,67974,1.0,0.0,27.0,200,observed_listed_broadcasts,2026-07-12,True,1.0
RUSSIA1,2026-07-13,14,14,0,0,66612,87960,5.0,1.0,118.0,200,observed_listed_broadcasts,2026-07-13,True,5.0
RUSSIA1,2026-07-14,15,15,0,0,62085,77928,0.0,0.0,67.0,200,observed_listed_broadcasts,2026-07-14,True,0.0
RUSSIA1,2026-07-15,12,12,0,0,47110,68163,0.0,0.0,64.0,200,observed_listed_broadcasts,2026-07-15,True,0.0
RUSSIA1,2026-07-16,13,13,0,0,50871,63490,0.0,0.0,57.0,200,observed_listed_broadcasts,2026-07-16,True,0.0
RUSSIA1,2026-07-17,12,12,0,0,50420,64879,1.0,0.0,98.0,200,observed_listed_broadcasts,2026-07-17,True,1.0
RUSSIA1,2026-07-18,12,12,0,0,46948,73109,0.0,0.0,9.0,200,observed_listed_broadcasts,2026-07-18,True,0.0
RUSSIA1,2026-07-19,8,8,0,0,37987,50218,0.0,0.0,39.0,200,observed_listed_broadcasts,2026-07-19,True,0.0
RUSSIA1,2026-07-20,12,12,0,0,49015,65729,0.0,1.0,44.0,200,observed_listed_broadcasts,2026-07-20,True,0.0
RUSSIA1,2026-07-21,13,13,0,0,53799,67847,1.0,0.0,37.0,200,observed_listed_broadcasts,2026-07-21,True,1.0
RUSSIA1,2026-07-22,12,12,0,0,49484,66743,4.0,0.0,50.0,200,observed_listed_broadcasts,2026-07-22,True,4.0
RUSSIA1,2026-07-23,11,11,0,0,34423,43051,0.0,0.0,31.0,200,observed_listed_broadcasts,2026-07-23,True,0.0
RUSSIA1,2026-07-24,13,13,0,0,55852,67894,2.0,1.0,87.0,200,observed_listed_broadcasts,2026-07-24,True,2.0
RUSSIA1,2026-07-25,9,9,0,0,19408,25352,0.0,0.0,9.0,200,observed_listed_broadcasts,2026-07-25,True,0.0
RUSSIA1,2026-07-26,8,8,0,0,42478,52055,5.0,0.0,23.0,200,observed_listed_broadcasts,2026-07-26,True,5.0
RUSSIA1,2026-07-27,32,32,0,0,59429,75740,16.0,0.0,104.0,200,observed_listed_broadcasts,2026-07-27,True,16.0
RUSSIA1,2026-07-28,30,30,0,0,55552,73391,0.0,0.0,151.0,200,observed_listed_broadcasts,2026-07-28,True,0.0
RUSSIA1,2026-07-29,30,30,0,0,55778,70262,0.0,1.0,87.0,200,observed_listed_broadcasts,2026-07-29,True,0.0
RUSSIA1,2026-07-30,26,26,0,0,48367,67383,0.0,1.0,72.0,200,observed_listed_broadcasts,2026-07-30,True,0.0
RUSSIA1,2026-07-31,28,28,0,0,52053,64251,0.0,3.0,61.0,200,observed_listed_broadcasts,2026-07-31,True,0.0
RUSSIA1,2026-08-01,12,12,0,0,24495,35824,0.0,0.0,18.0,200,observed_listed_broadcasts,2026-08-01,True,0.0
RUSSIA1,2026-08-02,7,7,0,0,30421,41718,1.0,0.0,43.0,200,observed_listed_broadcasts,2026-08-02,True,1.0
RUSSIA1,2026-08-03,13,13,0,0,52933,68054,0.0,0.0,59.0,200,observed_listed_broadcasts,2026-08-03,True,0.0
RUSSIA1,2026-08-04,13,13,0,0,55666,75584,1.0,1.0,63.0,200,observed_listed_broadcasts,2026-08-04,True,1.0
RUSSIA1,2026-08-05,13,13,0,0,56591,74619,2.0,2.0,35.0,200,observed_listed_broadcasts,2026-08-05,True,2.0
RUSSIA1,2026-08-06,12,12,0,0,48922,62314,0.0,1.0,98.0,200,observed_listed_broadcasts,2026-08-06,True,0.0
RUSSIA1,2026-08-07,10,10,0,0,43506,55337,1.0,0.0,60.0,200,observed_listed_broadcasts,2026-08-07,True,1.0
RUSSIA1,2026-08-08,8,8,0,0,15714,22019,1.0,0.0,4.0,200,observed_listed_broadcasts,2026-08-08,True,1.0
RUSSIA1,2026-08-09,6,6,0,0,24348,33128,3.0,0.0,21.0,200,observed_listed_broadcasts,2026-08-09,True,3.0
RUSSIA1,2026-08-10,13,13,0,0,52987,69170,2.0,0.0,30.0,200,observed_listed_broadcasts,2026-08-10,True,2.0
RUSSIA1,2026-08-11,13,13,0,0,52019,74278,3.0,0.0,80.0,200,observed_listed_broadcasts,2026-08-11,True,3.0
RUSSIA1,2026-08-12,14,14,0,0,55931,76132,0.0,1.0,43.0,200,observed_listed_broadcasts,2026-08-12,True,0.0
RUSSIA1,2026-08-13,12,12,0,0,48240,57637,0.0,2.0,31.0,200,observed_listed_broadcasts,2026-08-13,True,0.0
RUSSIA1,2026-08-14,11,11,0,0,35931,49303,4.0,0.0,41.0,200,observed_listed_broadcasts,2026-08-14,True,4.0
RUSSIA1,2026-08-15,13,13,0,0,24148,32992,0.0,0.0,15.0,200,observed_listed_broadcasts,2026-08-15,True,0.0
RUSSIA1,2026-08-16,8,8,0,0,24400,31289,1.0,0.0,12.0,200,observed_listed_broadcasts,2026-08-16,True,1.0
RUSSIA1,2026-08-17,19,19,0,0,61831,81585,3.0,0.0,81.0,200,observed_listed_broadcasts,2026-08-17,True,3.0
RUSSIA1,2026-08-18,13,13,0,0,43372,54797,1.0,0.0,87.0,200,observed_listed_broadcasts,2026-08-18,True,1.0
RUSSIA1,2026-08-19,14,14,0,0,57861,70358,0.0,3.0,31.0,200,observed_listed_broadcasts,2026-08-19,True,0.0
RUSSIA1,2026-08-20,12,12,0,0,45054,60200,0.0,1.0,98.0,200,observed_listed_broadcasts,2026-08-20,True,0.0
RUSSIA1,2026-08-21,12,12,0,0,52526,66772,0.0,0.0,44.0,200,observed_listed_broadcasts,2026-08-21,True,0.0
RUSSIA1,2026-08-22,9,9,0,0,23634,29439,0.0,1.0,10.0,200,observed_listed_broadcasts,2026-08-22,True,0.0
RUSSIA1,2026-08-23,9,9,0,0,48449,52845,2.0,2.0,37.0,200,observed_listed_broadcasts,2026-08-23,True,2.0
RUSSIA1,2026-08-24,14,14,0,0,59622,73372,1.0,0.0,25.0,200,observed_listed_broadcasts,2026-08-24,True,1.0
RUSSIA1,2026-08-25,12,12,0,0,48893,65173,0.0,0.0,55.0,200,observed_listed_broadcasts,2026-08-25,True,0.0
RUSSIA1,2026-08-26,6,6,0,0,27095,38308,0.0,0.0,13.0,200,observed_listed_broadcasts,2026-08-26,True,0.0
RUSSIA1,2026-08-27,12,12,0,0,18933,28200,0.0,0.0,4.0,200,observed_listed_broadcasts,2026-08-27,True,0.0
RUSSIA1,2026-08-28,11,11,0,0,50002,64601,0.0,0.0,52.0,200,observed_listed_broadcasts,2026-08-28,True,0.0
RUSSIA1,2026-08-29,8,8,0,0,14271,21949,0.0,0.0,0.0,200,observed_listed_broadcasts,2026-08-29,True,0.0
RUSSIA1,2026-08-30,9,9,0,0,39095,50637,4.0,2.0,27.0,200,observed_listed_broadcasts,2026-08-30,True,4.0
RUSSIA1,2026-08-31,14,14,0,0,58620,78840,3.0,2.0,96.0,200,observed_listed_broadcasts,2026-08-31,True,3.0
RUSSIA1,2026-09-01,14,14,0,0,54742,71169,1.0,0.0,24.0,200,observed_listed_broadcasts,2026-09-01,True,1.0
RUSSIA1,2026-09-02,16,16,0,0,67081,88217,1.0,2.0,32.0,200,observed_listed_broadcasts,2026-09-02,True,1.0
RUSSIA1,2026-09-03,17,17,0,0,71836,86555,0.0,3.0,32.0,200,observed_listed_broadcasts,2026-09-03,True,0.0
RUSSIA1,2026-09-04,13,13,0,0,54503,66283,1.0,1.0,83.0,200,observed_listed_broadcasts,2026-09-04,True,1.0
RUSSIA1,2026-09-05,10,10,0,0,32486,41609,0.0,0.0,20.0,200,observed_listed_broadcasts,2026-09-05,True,0.0
RUSSIA1,2026-09-06,9,9,0,0,31896,38239,3.0,4.0,19.0,200,observed_listed_broadcasts,2026-09-06,True,3.0
RUSSIA1,2026-09-07,15,15,0,0,69887,88996,0.0,0.0,65.0,200,observed_listed_broadcasts,2026-09-07,True,0.0
RUSSIA1,2026-09-08,17,17,0,0,74041,94326,1.0,2.0,109.0,200,observed_listed_broadcasts,2026-09-08,True,1.0
RUSSIA1,2026-09-09,15,15,0,0,60282,77886,1.0,1.0,102.0,200,observed_listed_broadcasts,2026-09-09,True,1.0
RUSSIA1,2026-09-10,15,15,0,0,65397,87222,1.0,0.0,148.0,200,observed_listed_broadcasts,2026-09-10,True,1.0
RUSSIA1,2026-09-11,12,12,0,0,57797,71968,0.0,2.0,58.0,200,observed_listed_broadcasts,2026-09-11,True,0.0
RUSSIA1,2026-09-12,13,13,0,0,43405,56129,2.0,1.0,16.0,200,observed_listed_broadcasts,2026-09-12,True,2.0
RUSSIA1,2026-09-13,11,11,0,0,39279,45610,1.0,1.0,48.0,200,observed_listed_broadcasts,2026-09-13,True,1.0
RUSSIA1,2026-09-14,15,15,0,0,66552,84478,0.0,0.0,69.0,200,observed_listed_broadcasts,2026-09-14,True,0.0
RUSSIA1,2026-09-15,15,15,0,0,67937,82190,0.0,3.0,74.0,200,observed_listed_broadcasts,2026-09-15,True,0.0
RUSSIA1,2026-09-16,13,13,0,0,55591,74750,0.0,1.0,64.0,200,observed_listed_broadcasts,2026-09-16,True,0.0
RUSSIA1,2026-09-17,14,14,0,0,60100,83793,0.0,0.0,91.0,200,observed_listed_broadcasts,2026-09-17,True,0.0
RUSSIA1,2026-09-18,11,11,0,0,34726,46593,1.0,0.0,21.0,200,observed_listed_broadcasts,2026-09-18,True,1.0
RUSSIA1,2026-09-19,8,8,0,0,15376,22421,0.0,0.0,7.0,200,observed_listed_broadcasts,2026-09-19,True,0.0
RUSSIA1,2026-09-20,11,11,0,0,43827,57381,2.0,2.0,23.0,200,observed_listed_broadcasts,2026-09-20,True,2.0
RUSSIA1,2026-09-21,14,14,0,0,62282,81020,0.0,0.0,112.0,200,observed_listed_broadcasts,2026-09-21,True,0.0
RUSSIA1,2026-09-22,15,15,0,0,63922,84283,2.0,0.0,254.0,200,observed_listed_broadcasts,2026-09-22,True,2.0
RUSSIA1,2026-09-23,15,15,0,0,64056,78084,0.0,0.0,196.0,200,observed_listed_broadcasts,2026-09-23,True,0.0
RUSSIA1,2026-09-24,14,14,0,0,60088,87386,0.0,0.0,162.0,200,observed_listed_broadcasts,2026-09-24,True,0.0
RUSSIA1,2026-09-25,12,12,0,0,49328,64663,0.0,0.0,107.0,200,observed_listed_broadcasts,2026-09-25,True,0.0
RUSSIA1,2026-09-26,9,9,0,0,19153,26107,0.0,0.0,17.0,200,observed_listed_broadcasts,2026-09-26,True,0.0
RUSSIA1,2026-09-27,9,9,0,0,32036,39867,1.0,2.0,47.0,200,observed_listed_broadcasts,2026-09-27,True,1.0
RUSSIA1,2026-09-28,14,14,0,0,65162,83325,0.0,4.0,76.0,200,observed_listed_broadcasts,2026-09-28,True,0.0
RUSSIA1,2026-09-29,15,15,0,0,63887,78878,1.0,0.0,82.0,200,observed_listed_broadcasts,2026-09-29,True,1.0
RUSSIA1,2026-09-30,13,13,0,0,55815,70882,0.0,1.0,62.0,200,observed_listed_broadcasts,2026-09-30,True,0.0
RUSSIA1,2026-10-01,16,16,0,0,66878,92122,1.0,0.0,29.0,200,observed_listed_broadcasts,2026-10-01,True,1.0
RUSSIA1,2026-10-02,12,12,0,0,47315,62733,0.0,0.0,38.0,200,observed_listed_broadcasts,2026-10-02,True,0.0
