date,observed,state_mean,intensity_mean,intensity_lo80,intensity_median,intensity_hi80
2023-01-01,True,-0.044394406084710736,3.331724229487218,2.0002113786756897,3.139516333017976,4.901877197920668
2023-01-02,True,-0.07067589292749307,2.5779153354413205,1.5537507847532068,2.432306595761129,3.7775457031252127
2023-01-03,True,-0.11268049737683318,1.9953377774804584,1.2037785624507464,1.8918986258316268,2.937204073200189
2023-01-04,True,-0.15273065991725682,1.8937830167107252,1.1667787701852912,1.7904782907077323,2.7483783881483514
2023-01-05,True,-0.19162830229298708,1.7604031799064355,1.0798091917035373,1.6714912074210782,2.5554118356113427
2023-01-06,True,-0.22908930254663507,1.5286367343751945,0.9350624870893585,1.441259816939934,2.226174338455724
2023-01-07,True,-0.2519412673422736,0.5672735366395004,0.3442117592743617,0.5343459844449044,0.8303841733007639
2023-01-08,True,-0.2756161565812716,2.616085920162072,1.6045991781670634,2.4766493509152623,3.7997140012027404
2023-01-09,True,-0.2747125369182577,2.080237888109134,1.2747949737334732,1.96659612474624,3.0205819111272967
2023-01-10,True,-0.26499625711936453,1.6930967349080344,1.0476135701646456,1.608914677631934,2.4393160235496336
2023-01-11,True,-0.13589981917597282,1.8959069070056336,1.2374468886113335,1.8041153271341799,2.6569001499126967
2023-01-12,True,-0.008061484370527646,2.0734763614897505,1.368762518689538,1.9890983120380825,2.891087913517883
2023-01-13,True,0.012705643024769253,1.9073205147896521,1.259647351340653,1.8269557275423711,2.6689499025790204
2023-01-14,True,-0.008876346720966015,0.7101494651556871,0.46315371783728754,0.6755544666782352,0.996690912225949
2023-01-15,True,-0.010595533079875666,3.343055848147612,2.216474925819598,3.199629826704038,4.648418535237731
2023-01-16,True,-0.016713186621793087,2.6420633006644785,1.7604156692326893,2.5260659334914988,3.6630918264561263
2023-01-17,True,-0.047506540090106214,2.0686536844567494,1.3655270588636839,1.9887466235301103,2.879340459105397
2023-01-18,True,0.03924318479569261,2.227467287239948,1.522762105708102,2.1430314879143593,3.043145788608031
2023-01-19,True,0.02498073115348688,2.1212543464923157,1.4415440829448323,2.0461936153163482,2.8997567082705196
2023-01-20,True,0.027459745990794194,1.9171064877463833,1.3001985709004908,1.8418138140915752,2.6367657638608013
2023-01-21,True,0.0076728488872702975,0.7153977843597121,0.47513759450067894,0.6882754131120868,0.9935807179252796
2023-01-22,True,-0.023370382389243702,3.2731116929722726,2.225966499315898,3.132985416426783,4.527491271457593
2023-01-23,True,-0.005778805094024069,2.6471306826264915,1.7905967380596606,2.543382887217871,3.6235521646017896
2023-01-24,True,-0.0061510356814767474,2.134562148211084,1.4507020764228304,2.062971387125949,2.919585052309811
2023-01-25,True,0.057499735465052236,2.248117627529775,1.5681991217494387,2.163320999488969,3.0394793547531895
2023-01-26,True,0.05642473578398059,2.1700276046825033,1.503617078723462,2.09827914591871,2.9210358250947723
2023-01-27,True,0.045190980037720985,1.9348615287686934,1.3331078964325804,1.8685863276189525,2.6163337532412676
2023-01-28,True,0.0271809463207293,0.7231762217422254,0.4898489101351963,0.6981743316194662,0.9854528168125362
2023-01-29,True,-0.0016410731701511985,3.317813609459817,2.2871704787502805,3.19094865902951,4.4981110339877155
2023-01-30,True,-0.006621904936079568,2.6239169290969544,1.807143914517729,2.5255858199809653,3.5587434499113755
2023-01-31,True,0.01762818454679314,2.168303695188139,1.4909847143018098,2.09800872024023,2.940067299393497
2023-02-01,True,-0.0015170147207053796,3.2701472953934654,2.149013535024098,3.1145848352431402,4.543925832334538
2023-02-02,True,0.13866529632438004,3.60843391734749,2.4686537958964725,3.465355879526917,4.936170985385472
2023-02-03,True,0.20673043461796106,3.479947431875506,2.383194694318937,3.3436529967339412,4.774527025382289
2023-02-04,True,0.2618134170096884,1.4021359450603468,0.9306217118473094,1.3398594927146112,1.9435528961858608
2023-02-05,True,0.24089180837572563,6.4719198675006755,4.369049601021979,6.214427680119256,8.855249133561749
2023-02-06,True,0.2254512013822807,5.052837717893455,3.4603366730722422,4.868199569224692,6.824569925416353
2023-02-07,True,0.23794358962217554,4.129973738565987,2.8446640548807767,3.9631686136506428,5.597269161824768
2023-02-08,True,0.2260884879986164,4.0514548853124825,2.822190973404183,3.855131194605845,5.556200399488669
2023-02-09,True,0.21528585770699804,3.857842637771837,2.7135498713832056,3.71069069481672,5.190986424867229
2023-02-10,True,0.1913990109073635,3.3985249298701854,2.3738440648541514,3.2641940539985783,4.575123202046719
2023-02-11,True,0.17201532201180814,1.2712817508519478,0.861550652422967,1.2181315824846266,1.7474754467247962
2023-02-12,True,0.15045468763498882,5.866504284560018,4.0078220478724,5.671529670604389,7.988904070973413
2023-02-13,True,0.1303919474937507,4.562958506117864,3.171919999521626,4.393301911604484,6.153501762928978
2023-02-14,True,0.17954802926568442,3.8645703747323252,2.698873912623233,3.728776311198657,5.208323482505266
2023-02-15,True,0.18806604451082654,3.8681216334764814,2.729533613127485,3.7008389139469675,5.219913852974637
2023-02-16,True,0.16448286947697865,3.6404809496495307,2.5898807572438804,3.510016287884717,4.8761960140275304
2023-02-17,True,0.14079209470783294,3.2075533467507342,2.2685763129534013,3.096744148470385,4.30548173712875
2023-02-18,False,0.1413797289857954,1.2240900135494757,0.8324398662082243,1.175329258925711,1.6699504381720125
2023-02-19,False,0.14145920457459113,5.776918509568954,3.9891814251684643,5.563732509951893,7.8294413152899445
2023-02-20,False,0.14179322691379082,4.590222573125085,3.184445467423435,4.421919949318581,6.167958034446506
2023-02-21,False,0.1417765589535609,3.7062120533079086,2.574436947024648,3.5795757493363727,4.996921337174592
2023-02-22,False,0.14106029483548488,3.6775613878428937,2.564468329117829,3.5261684821884947,4.997657116490016
2023-02-23,False,0.14100076154118857,3.5456674095336997,2.4765177913992336,3.4051700678798418,4.7554992647421646
2023-02-24,False,0.14105288574870684,3.2014171531091717,2.2188946009336386,3.066828132791591,4.362062459965336
2023-02-25,False,0.14120592647839508,1.2211372868136057,0.819147069317347,1.1672341351905144,1.6851994599052265
2023-02-26,False,0.1410120281374238,5.762121921467766,3.910244624331637,5.534707547404625,7.878950406328137
2023-02-27,False,0.1415354128712246,4.579071846203019,3.1297670628095626,4.39087850320287,6.231518649980079
2023-02-28,False,0.14184876361441123,3.6982930916968773,2.5315513108694128,3.5622000158762797,5.051722595966428
2023-03-01,False,0.14138489579080077,3.0255920938978242,1.9847490500470706,2.8621942001003076,4.266094538752648
2023-03-02,True,0.1336807191337943,2.8896300501919483,1.9142316677584397,2.7652526877326085,4.022022246786757
2023-03-03,True,0.1396808528572503,2.6178328868419385,1.7269631489679782,2.5048357185197276,3.617161087990105
2023-03-04,True,0.11959675490988673,0.9767764452040619,0.6291197475180415,0.9369461932460933,1.3714318316257192
2023-03-05,True,0.1499820599373493,4.743021951533765,3.1490560935784635,4.530249532509537,6.57158255187178
2023-03-06,True,0.13761049434276557,3.715315617453319,2.516460533055403,3.5794740125811413,5.091924547432781
2023-03-07,True,0.12053819579255443,2.951069602349552,1.9865278356391831,2.840328055768331,4.060284619910561
2023-03-08,True,0.09471133950494769,2.8583573584448745,1.9300034223598332,2.723359524352436,3.9717626926515606
2023-03-09,True,0.07832142220300319,2.7087059239671962,1.8221013370869625,2.6146695961273356,3.716540022949199
2023-03-10,True,0.06367688561487297,2.4062857791341203,1.61805005438461,2.3103427430614674,3.313736802928361
2023-03-11,True,0.045413375744502986,0.8996678395762718,0.5908843159583845,0.8646038636347075,1.2497944564960988
2023-03-12,True,0.04484163402199749,4.238144820949248,2.8736237472902215,4.062745252232863,5.855116016841937
2023-03-13,True,0.026193406317075105,3.302489154069818,2.2427735504854382,3.194135722379144,4.500689727516894
2023-03-14,True,0.020560809802547042,2.6521704970554323,1.8009385389783912,2.5562168372963603,3.6124562864290874
2023-03-15,True,-0.0054922157547179825,2.5687834882394,1.734154000176637,2.451392819968588,3.552930420351588
2023-03-16,True,-0.03149134131508429,2.4125215839328034,1.637735737030208,2.3160064525278807,3.2954955653916724
2023-03-17,True,0.025291624636906575,2.296150542573618,1.5726068259015822,2.2121498988583514,3.1098553136049865
2023-03-18,True,0.007091547513567156,0.8594253522625793,0.5728134855472091,0.8262264816984665,1.183196400701998
2023-03-19,True,-0.020636249562102724,3.9417634014219423,2.6883227394389486,3.78764877048445,5.390170557408497
2023-03-20,True,-0.01983663632850831,3.1309584287526735,2.14052329805768,3.0375587054463584,4.211846186048873
2023-03-21,True,-0.034120827226862015,2.493158340981412,1.7058953554357752,2.405086962753406,3.3788740724762314
2023-03-22,True,-0.04873013126880159,2.440988215037618,1.678563273730968,2.3397377559658685,3.329149130646704
2023-03-23,True,0.0015075228298212138,2.4690799431568506,1.7168754969596416,2.3890215814864866,3.322994165917151
2023-03-24,True,-0.00018330084879372493,2.221480854723039,1.5509677356441365,2.1504940821877168,2.988207191917772
2023-03-25,True,-0.01766340114200421,0.8321757686502723,0.5602639079858075,0.8014959457106747,1.1388505449309625
2023-03-26,True,-0.044001864553718864,3.822231267252934,2.6338729426280776,3.678856590313632,5.178506124317391
2023-03-27,True,-0.034858996008591873,3.060969157363586,2.1326798597812315,2.969430753823256,4.0949973739021805
2023-03-28,True,-0.04782667648147233,2.441034760595903,1.69217967684345,2.3706755096123135,3.287159382236546
2023-03-29,True,-0.07145204194795282,2.3683068548860327,1.6458713798726343,2.2727685748185995,3.215715825709727
2023-03-30,True,-0.0943159852270761,2.2304383871396167,1.558938108918235,2.151525636832306,3.0040404944604626
2023-03-31,True,-0.0936880936674607,2.0114495559326,1.4164849553506036,1.9410522293444568,2.695811892146924
2023-04-01,True,-0.1117169468884669,0.9603928249852505,0.6384858925865401,0.9224823117288653,1.3228339436759948
2023-04-02,True,-0.13823639014715333,4.41898476281777,2.981206179261909,4.2284491415228915,6.099926346912306
2023-04-03,True,-0.053497104503967274,3.810212081609642,2.616783995354319,3.674935606998791,5.169136987703692
2023-04-04,True,-0.02882792078332453,3.156661502808442,2.1368460236491935,3.0472831876840925,4.3228943658793195
2023-04-05,True,0.0894814490707343,3.506882818324351,2.4672006554876313,3.3797005004438394,4.682251409133981
2023-04-06,True,0.07393758817822937,3.3336427643023745,2.345557928526292,3.2278610279197686,4.4528075585891935
2023-04-07,True,0.05109737218355074,2.9452299349603366,2.0406136663814327,2.835904920569302,3.976171656786877
2023-04-08,True,0.03418410654168648,1.0997016923880427,0.7550107030908821,1.065971574555132,1.4784152797444594
2023-04-09,True,0.008677310983319891,5.0649731398947235,3.5141374075200043,4.879823573755415,6.815762674537134
2023-04-10,True,0.022249388289256086,4.072259150169248,2.8552373077024704,3.947286117006972,5.4579738424348285
2023-04-11,True,0.05792549732608651,3.411587717947811,2.3728307510729025,3.3029809379131474,4.604046426229489
2023-04-12,True,0.06229409931282101,3.3904720287694294,2.408989862870327,3.2800811871562683,4.494717441023778
2023-04-13,True,0.04672388825601987,3.2224776041545953,2.291012387090434,3.122876905628248,4.282749535640838
2023-04-14,True,0.032271988530914564,2.8685460427746117,2.0200230895554787,2.762847019925785,3.8378806749935186
2023-04-15,True,0.03194992682724794,1.0891439675815109,0.7582007010549251,1.0565787944201306,1.458348376514113
2023-04-16,True,0.018183908255876707,5.074958296414095,3.5715567721991652,4.893953459769633,6.796478747762765
2023-04-17,True,0.031329598004445666,4.079214163084821,2.8874066084591514,3.960638421986182,5.392370442334199
2023-04-18,True,0.007982556817968178,3.225743308048568,2.2614182702543713,3.125014834100329,4.319125128969214
2023-04-19,True,0.029546697832749387,3.2602018354393523,2.3328618145962294,3.1655850190880472,4.3115851971973935
2023-04-20,True,0.036663103770137706,3.169128563043666,2.2549259061063722,3.0833651482821782,4.188546803976855
2023-04-21,True,0.022755746327129726,2.8228650503616937,1.9954057845371562,2.732468666813692,3.7694808630006262
2023-04-22,True,0.005133090053509428,1.0535808107818316,0.735820546581529,1.0219163444219175,1.4027919283234793
2023-04-23,True,-0.018412136712737004,4.861332633627425,3.4263643281559144,4.694029215861436,6.5153167869450375
2023-04-24,True,-0.02321284586568049,3.8413583814593237,2.734788859761998,3.7262874821190617,5.099665541713678
2023-04-25,True,-0.007673279769879193,3.153711773698788,2.2356204536303252,3.0567006162595973,4.227289717481157
2023-04-26,True,-0.03029445941623585,3.053300390216885,2.189566516199675,2.95481322506174,4.038095156193248
2023-04-27,True,-0.052801410678995714,2.8825053962510196,2.08360009963511,2.794175791897987,3.8032233423791197
2023-04-28,True,-0.06675308260828688,2.566391733604012,1.820286272393972,2.4837850507869166,3.407694132066118
2023-04-29,True,-0.08345369310453178,0.9594248390262403,0.6695693190089482,0.9360084448380772,1.2828130446676158
2023-04-30,True,-0.09648211284819722,4.470219231534079,3.1922458122863238,4.30239236321572,5.944554932020547
2023-05-01,True,-0.08488289744739602,3.6691341450076895,2.522740657936194,3.5480206791133493,4.967610553924679
2023-05-02,True,-0.09136748186008532,2.9430894497085327,2.0175172980150293,2.8278914180724297,4.021448372041586
2023-05-03,True,-0.08178070009933837,2.947067472162094,2.018047121311654,2.8395722990193333,4.001160371803169
2023-05-04,True,-0.03935030813717733,2.9606246093667936,2.0751077539484095,2.8586559768337967,3.9667097661542146
2023-05-05,True,-0.061078532158134496,2.608988043053496,1.8223435949537572,2.5246810961949495,3.4917256677977218
2023-05-06,True,-0.0777855705337819,0.9813350796846321,0.6560859811362034,0.946938763138021,1.3581214891327946
2023-05-07,True,-0.07883107451189159,4.621048032535137,3.1855811351991097,4.434513810903546,6.256875280840724
2023-05-08,True,-0.06867922857055156,3.6989337010944077,2.5799957686632715,3.581427720692883,4.977859543206719
2023-05-09,True,-0.07586560789331392,2.96465353512961,2.074791531415291,2.8717308854895705,4.003187707448352
2023-05-10,True,-0.0427994193470802,3.03773878736889,2.1432433110366005,2.9271533595251364,4.0618334514607435
2023-05-11,True,-0.06470249410635154,2.8681028945219134,2.0274244960951884,2.768302382045803,3.821122325506267
2023-05-12,True,-0.08701068637206119,2.525745054347506,1.7891116936409106,2.4433327517558836,3.3738508119117063
2023-05-13,True,-0.103184960088892,0.9495648625100608,0.6431502363881874,0.9219311931766405,1.2973209580296632
2023-05-14,True,-0.11611227827880131,4.421571322115864,3.0629910514319745,4.250347197186219,5.961674399289863
2023-05-15,True,-0.08477966747571888,3.6131439363264484,2.553476802973737,3.4877384324706693,4.812395982556671
2023-05-16,True,-0.10751649412045863,2.854374364740645,2.0097432526891126,2.7589378996657947,3.8184745856097875
2023-05-17,True,-0.11330710184094685,2.814173607919052,1.9923367055861794,2.7206711437303377,3.7347718744675835
2023-05-18,True,-0.12726372408168307,2.6783469875772905,1.8906439485998272,2.591864563951293,3.5774373537150472
2023-05-19,True,-0.13931744659373616,2.3831438554290627,1.6893105703777902,2.307879426299997,3.1825843672657688
2023-05-20,True,-0.15511827368399927,0.896237581027523,0.6074341534139783,0.8684722731548068,1.2204336843131516
2023-05-21,True,-0.1796092418575167,4.124086827168798,2.8717247679655586,3.969435355278629,5.547272726756129
2023-05-22,True,-0.17233164410909355,3.292469677048352,2.332374354704601,3.1833845351285777,4.372780547491604
2023-05-23,True,-0.15985606172637268,2.692150139519854,1.9094988475838128,2.6132335953018138,3.5878890512735087
2023-05-24,True,-0.08833204455545227,2.8641335025822134,2.0508315687935665,2.766934799258971,3.7877598107932777
2023-05-25,True,-0.06079369994095287,2.8409425785601985,2.044906943346007,2.756582503502056,3.7540042580599566
2023-05-26,True,-0.08264275768882186,2.5050218844438676,1.7927624674319511,2.424394220711039,3.298819457541707
2023-05-27,True,-0.0989450180188089,0.9407478726765659,0.6448143701313971,0.9108498293062903,1.275869166797577
2023-05-28,True,-0.12187826148273988,4.338166366987795,3.075305746390473,4.170014995354554,5.80768282352155
2023-05-29,True,-0.13086554961659752,3.4098059878485976,2.438089534498396,3.308440354901144,4.509289937804335
2023-05-30,True,-0.11917834164970081,2.784681255286767,1.9910420245028346,2.7060160657760557,3.6684794512832606
2023-05-31,True,-0.11580629089000122,2.769794984910406,1.982922961785354,2.6840912566815045,3.64378237137322
2023-06-01,True,-0.12875594364634269,2.3515567603617074,1.6063558166511747,2.2763523648075186,3.181345136752898
2023-06-02,True,-0.13902658813488794,2.0961004832931636,1.445459372042184,2.019621167674986,2.837308021990125
2023-06-03,True,-0.15416234316963617,0.7859626169982493,0.521917139185125,0.7640699584755056,1.076227008222798
2023-06-04,True,-0.16463159323424614,3.666335084519968,2.522877150222312,3.5340630332365466,4.963447496239239
2023-06-05,True,-0.15469166342086904,2.9428579823783543,2.0220024793347156,2.8479897244851533,3.957153213944955
2023-06-06,True,-0.09329966870938873,2.519749991200397,1.7629617119871857,2.4494293870795016,3.355206804872624
2023-06-07,True,-0.10545008262179836,2.4723508377784915,1.723662521033285,2.3753997076186386,3.3325943837522805
2023-06-08,True,-0.11767572199358249,2.358753284848107,1.6385923826899245,2.282803355746926,3.1766241841208505
2023-06-09,True,-0.13855489476483263,2.0813598246482328,1.453829567649323,2.012916008815285,2.779904803420832
2023-06-10,True,-0.1537011141490137,0.7805275923184483,0.5292467938020835,0.7590191281398236,1.0628845236950986
2023-06-11,True,-0.17050614257362104,3.6185895873060208,2.5239951579302367,3.4931572088916902,4.844566554078445
2023-06-12,True,-0.17651668611974397,2.860052886579443,1.9821773175410364,2.772005351997567,3.8419242796755624
2023-06-13,True,-0.17797631303178219,2.3035357529843417,1.61187040488255,2.2310401770874195,3.081658850044291
2023-06-14,True,-0.17964823244873399,2.2839504222468854,1.5956252904904196,2.19636888186375,3.094852237818412
2023-06-15,True,-0.12228725205397245,2.330997102552339,1.6379292971480521,2.2622731374743523,3.1007537858171266
2023-06-16,True,-0.11210918599911343,2.12115355612627,1.503109678637238,2.0519660491965843,2.8172485062038293
2023-06-17,True,-0.12648682933583175,0.7960259573194692,0.5461752393969893,0.7732217702251916,1.0751689296866687
2023-06-18,True,-0.1428492502354372,3.6936905671215436,2.5948874200399445,3.5819526855084405,4.9008688427940115
2023-06-19,True,-0.1485933805621607,2.9198286810980925,2.0589465234581654,2.8390073335014283,3.8955298422200086
2023-06-20,True,-0.16013358584088846,2.3283149103485528,1.6364711409181627,2.2611047792995356,3.0807364656792435
2023-06-21,True,-0.15253442097771158,2.3283574038480257,1.6540222744655695,2.2484958975019063,3.113665410702564
2023-06-22,True,-0.08898869807983129,2.390982695941415,1.7114275436403925,2.315015155576025,3.151003183213938
2023-06-23,True,-0.08911689174941992,2.1555868935598093,1.5468016037152126,2.088275335185759,2.8463306532122923
2023-06-24,True,-0.10341285293820042,0.808919975328186,0.5650058457277339,0.7833885582288674,1.0874968941342362
2023-06-25,True,-0.12590562267052768,3.7321889619219886,2.643665367226599,3.615922403044943,4.948678277112581
2023-06-26,True,-0.13267162669744106,2.9476419591289336,2.095437909125569,2.8561286661452043,3.8976433260620342
2023-06-27,True,-0.15435177856143467,2.3277870572942727,1.656727076507409,2.2631782005735763,3.0665294287184506
2023-06-28,True,-0.17571048046741927,2.2621110510352596,1.6117672362508155,2.182875414871181,3.022166621346472
2023-06-29,True,-0.1867767532950837,2.1588140291697937,1.5405122245370526,2.0889182161623565,2.859280630861242
2023-06-30,True,-0.20748091624295129,1.9070235924790766,1.3652206163873144,1.845350047490556,2.5370594837849905
2023-07-01,True,-0.22263728514946524,0.8379403032831848,0.5511159647752446,0.8081453101215714,1.1592530531539138
2023-07-02,True,-0.24092744187534204,3.880369956263544,2.6181125256656643,3.7304162911704553,5.316685345235286
2023-07-03,True,-0.23993804865708368,3.075042304408356,2.136867808220475,2.955623533804326,4.149773673323294
2023-07-04,True,-0.25280582165405097,2.4554131287897465,1.6841462604671549,2.365800350450465,3.3357373691197223
2023-07-05,True,-0.2562217270621887,2.4282813037061106,1.6754151090391578,2.3323623897672623,3.2886385366392945
2023-07-06,True,-0.2583789341754313,2.3358568508714797,1.6165265613890032,2.2590986736914225,3.1651529732735235
2023-07-07,True,-0.26924168530632,2.0820319710465,1.4382575735702212,2.0141725221569917,2.803911756781957
2023-07-08,True,-0.28462864159885715,0.78235399406111,0.5207161705599048,0.7548651234837847,1.0747819175787325
2023-07-09,True,-0.2873376408846854,3.6772377365893796,2.523501486607882,3.533841161129618,5.027351127386072
2023-07-10,True,-0.3018775209524241,2.872002481681269,1.9968661968999717,2.763370545410231,3.8738886895549673
2023-07-11,True,-0.28442187831061005,2.3616701127326714,1.6418365649624767,2.2736232945032158,3.1888546761706045
2023-07-12,True,-0.2871357540962259,2.338483924085568,1.6272122913292277,2.2425332255689336,3.166669077474044
2023-07-13,True,-0.2790387878039091,2.2725197692087513,1.590470324406697,2.194675125625455,3.0722122385380026
2023-07-14,True,-0.2898312420641146,2.026185037887423,1.4127799600424584,1.9593915279452263,2.704496357205296
2023-07-15,True,-0.30553988385160746,0.7609721044367259,0.5085182599065704,0.7337127123480806,1.0400594350878865
2023-07-16,True,-0.2878290421103996,3.6474399061087714,2.5360991712386944,3.506840287848201,4.936708521709293
2023-07-17,True,-0.29453071335914227,2.8728729652525615,2.042581188088932,2.773776440863941,3.836837065457012
2023-07-18,True,-0.3165194442739332,2.272394304680679,1.592233785319134,2.191923338314287,3.058691319321512
2023-07-19,True,-0.259011255910117,2.385829176160509,1.6900798759537197,2.2929088130564113,3.1839685802401796
2023-07-20,True,-0.2805820133422091,2.25419954913969,1.5883703735193118,2.176355054267729,3.024060738925036
2023-07-21,True,-0.14285394986229832,2.323568125807792,1.6779338135715673,2.251817681413223,3.0720075776804943
2023-07-22,True,-0.08978162873989703,0.9343730563082986,0.6502281198865858,0.906872959453718,1.2469550992889942
2023-07-23,True,-0.06985885310391549,4.493759757343092,3.2094681579888316,4.344799768930322,5.926424632324269
2023-07-24,True,-0.048551903768850595,3.639834943144747,2.662862975729022,3.517075420008707,4.798169495146671
2023-07-25,True,-0.013028049970024866,3.047891890858872,2.185147265644307,2.9705433578266334,4.01850599783538
2023-07-26,True,-0.03356603890899976,2.9641257122131615,2.129557914897434,2.880637306935685,3.871511463989742
2023-07-27,True,-0.03893517708837859,2.8448435573768807,2.050948961649027,2.7643338032207896,3.7477100164139863
2023-07-28,True,-0.05020826379474778,2.5331133500057734,1.8427158874685772,2.4519556002522602,3.3209504476157137
2023-07-29,True,-0.06518666088233772,0.9515351769756613,0.6672964716768852,0.9239037412793323,1.2635698917543903
2023-07-30,True,-0.012708544302628725,4.723283707363684,3.4012912645385813,4.590487531875844,6.193275264214019
2023-07-31,True,0.05340194459395984,4.001130642967571,2.9488819795114076,3.886569593211128,5.201696862566611
2023-08-01,True,0.05652636422366599,2.6209928698322886,1.840443460075007,2.551425121098815,3.4704474054534544
2023-08-02,True,0.05327505190288334,2.597812732211377,1.8107874153153538,2.5084752388642784,3.5149144257808262
2023-08-03,True,0.05050190917968712,2.5017724797763083,1.7344698661809572,2.4413533611260516,3.3342841785075974
2023-08-04,True,0.04095053345250336,2.2353169699168998,1.5500714890926006,2.170141705402208,3.003775806875946
2023-08-05,True,0.027065959614920636,0.835670051124543,0.5808108005908582,0.8081291913110771,1.125202431354483
2023-08-06,True,0.03877351082849491,3.9903017355300445,2.8208111408640564,3.8697222397431292,5.272975613598655
2023-08-07,True,0.025648390747607865,3.143983525757913,2.168244844416101,3.0579100589884045,4.227077727788254
2023-08-08,True,0.022314036232287823,2.5195221383787594,1.7793099532538013,2.4566611648533128,3.327289486620689
2023-08-09,True,0.03455236902767153,2.534144712913723,1.7675708760407138,2.4491096651748183,3.4073950756496747
2023-08-10,True,0.01639377655796962,2.404199052784958,1.6705546117789056,2.3413631041964953,3.2305364417720384
2023-08-11,False,0.016520123648611718,2.16965466691305,1.5030404969752382,2.1067011716065287,2.9171705994574646
2023-08-12,False,0.01613418542524146,0.8224385775800727,0.570633077162712,0.7980003565821507,1.1050495583698485
2023-08-13,False,0.016353774910135656,3.886139715858048,2.723547174771374,3.7672376067421003,5.19532020428499
2023-08-14,False,0.01640036745095785,3.102849551944427,2.1274706563693533,3.0095998964180355,4.164597217207261
2023-08-15,False,0.016472026541729124,2.496327236909351,1.741153069395238,2.4282173299346606,3.3246279384100266
2023-08-16,False,0.01624743369214797,2.4821601187502766,1.7026865190669462,2.3893309779091365,3.361181898691675
2023-08-17,False,0.016745756471260698,2.399883361140982,1.6319123912703426,2.3265543612155444,3.239465624762002
2023-08-18,True,-0.004669918206673819,2.1185973521602772,1.4482752995490284,2.0452293692949044,2.8664193156837072
2023-08-19,True,-0.020487489966737226,0.7902609370707527,0.5438338437161159,0.7632104599257412,1.0658993237161827
2023-08-20,True,-0.03832517644611716,3.6660569885580365,2.5465586860071237,3.5481763858683713,4.907408077602874
2023-08-21,True,0.02108966026450112,3.0963842771173256,2.1370843702910416,2.9994587848400656,4.160760805710011
2023-08-22,True,-0.001330877589823142,2.4380188593311014,1.7044013312004593,2.3717098454169223,3.2472937471489454
2023-08-23,True,0.005081384129181865,2.438042207317939,1.6927079973423296,2.3579394737443917,3.2716071326684535
2023-08-24,True,-0.0064327308732957215,2.327879267448046,1.6196588644241887,2.254866351579767,3.1371782438366314
2023-08-25,True,0.044069046695046146,2.2038393292646443,1.5458745915786933,2.1319308553812695,2.926532033705127
2023-08-26,True,0.028512432405967313,0.8234516255337512,0.5764154862737224,0.7961111279086213,1.1047641405456323
2023-08-27,True,0.017895951707457038,3.8457757077621966,2.7177069743829594,3.7348133425782226,5.098734965885001
2023-08-28,True,0.003121238780004797,3.0209372509072425,2.0994558843835667,2.928849163946008,4.036983099182648
2023-08-29,True,0.027637524975704385,2.49016347988048,1.763901650046044,2.432864197256989,3.28141798371692
2023-08-30,True,0.0421509209538584,2.510078567146338,1.7801403299632648,2.4404899277963548,3.3443737934591855
2023-08-31,True,0.1005552575293551,2.5658475109075987,1.8238614118893832,2.492562350009454,3.3804847379849265
2023-09-01,False,0.10111751379125117,2.3068486147182226,1.5479184538622015,2.2257014102488464,3.16629068459037
2023-09-02,True,0.08632698821268868,0.8665498110197959,0.562222585103595,0.8333292474692902,1.2131668950851913
2023-09-03,True,0.0689100756537776,4.008364542954766,2.702311319357839,3.8381908237407045,5.536477400100785
2023-09-04,True,0.054370577665058706,3.1372531829009924,2.1414977127645476,3.0052220420501983,4.331493373317026
2023-09-05,True,0.05058354332082874,2.524402371955752,1.7042950934597283,2.43059650947029,3.456363756249199
2023-09-06,True,0.0565226559064237,2.517896065168101,1.7147845644006663,2.414944485964823,3.455370146035138
2023-09-07,True,0.044441027439267665,2.4085289309613778,1.6099227764460664,2.298332447624274,3.350061166437624
2023-09-08,True,0.1978132817747685,2.510217438109814,1.7683548828458988,2.4232861032170323,3.3652372581110463
2023-09-09,True,0.18332377473720957,0.9445007233963612,0.6355127422760011,0.9085837385108325,1.2941020818862436
2023-09-10,True,0.19161393838741902,4.482373873470106,3.1221040504129696,4.310247817598211,6.081674082264432
2023-09-11,True,0.2013758536938828,3.5938162264620885,2.535011368721954,3.4484486614847802,4.8497812111188585
2023-09-12,True,0.19593291340444258,2.8857937890161613,2.016599894683418,2.7917490893071633,3.8507855581720354
2023-09-13,True,0.19007501194512683,2.846057988666418,2.0181216507677275,2.732378939402831,3.8218743101356774
2023-09-14,True,0.18528561824614714,2.7407762963163895,1.9124832752965935,2.625174798714721,3.7251210591918213
2023-09-15,True,0.17402983773184505,2.435909884936179,1.7230872580961114,2.356965760696108,3.2464680983500833
2023-09-16,True,0.15893013945110424,0.9155244841527856,0.6264328401711611,0.8782666164838031,1.2452482341225246
2023-09-17,True,0.14218522580341914,4.241944913684452,2.96412355454317,4.090113983140661,5.711003641189373
2023-09-18,True,0.12053855629241315,3.2973238581397704,2.320072336437061,3.176227593747607,4.425436401370908
2023-09-19,True,0.09926885557852456,2.6067490329602605,1.8264311921322096,2.5193599336119203,3.466463098106142
2023-09-20,True,0.07789118572662741,2.5307106000802433,1.7829260347309113,2.435327233433616,3.3862457045190597
2023-09-21,True,0.0748291099937973,2.4402940824315023,1.7075073123596498,2.34959731296939,3.2939612630524278
2023-09-22,True,0.05467572508177284,2.1514421588053882,1.5109142284054362,2.085800808205341,2.880350498737718
2023-09-23,True,0.039510948318469984,0.8081097376528185,0.5499848106373286,0.7782299706386433,1.098548033580998
2023-09-24,True,0.022108736024679315,3.7412744551012405,2.616291081239678,3.5957509923731816,5.03235982053214
2023-09-25,True,0.05367415675209893,3.0640234498884547,2.171327523147793,2.95363995692596,4.0906479662597945
2023-09-26,True,0.04130655523529062,2.445290337696585,1.7214051108705697,2.3689967590362855,3.277372139079166
2023-09-27,True,0.10034305778684657,2.567917778795442,1.8379827261387578,2.487152206054116,3.399712079240672
2023-09-28,True,0.07908585541146015,2.4336598164231655,1.7174245825373555,2.3473104526506625,3.2628681194130253
2023-09-29,True,0.05761727224261798,2.1440405763160912,1.5185416501560796,2.080446897818329,2.8523299091418512
2023-09-30,True,0.0421249558184276,0.8047202124718588,0.5521546961087028,0.7783320407185281,1.0889508373600376
2023-10-01,True,0.0477262968369888,4.234743568524378,2.818736511813237,4.057709786616469,5.886727285859443
2023-10-02,True,0.16378001381878635,3.758574008650509,2.6223460377661056,3.601665948229627,5.0820670188700054
2023-10-03,True,0.3115827308737012,3.5097999466082546,2.464868993135256,3.4080180957295703,4.72254228841756
2023-10-04,True,0.38407595991245574,3.7346384379534845,2.69092758629706,3.600505030769539,4.941836858144828
2023-10-05,True,0.3713509676473892,3.5623382457052095,2.5311246772757223,3.446500976552989,4.7343791599383485
2023-10-06,True,0.3707056640725418,3.2206857440137835,2.2599780204219417,3.0812316682450653,4.371370273262164
2023-10-07,True,0.3569129562542486,1.2079893272417987,0.8245982596001823,1.1664794328553838,1.6294576353468513
2023-10-08,True,0.337274946419448,5.570476294448743,3.9405372795267524,5.403445518074343,7.391016371510157
2023-10-09,True,0.34047635306641993,4.4367644183732615,3.215728552928955,4.263125185423227,5.868625547416984
2023-10-10,True,0.32060312305378036,3.518496623629291,2.495998474146408,3.403320015213957,4.697967229302387
2023-10-11,True,0.3004081884167817,3.4194322112455025,2.4420521034921365,3.2858896873757852,4.563422747473648
2023-10-12,True,0.28651679028210875,3.258254075067133,2.3043466334284304,3.1694410775500983,4.350219941989609
2023-10-13,True,0.26616446545677463,2.8884839647877514,2.012715833665399,2.773691800930959,3.9310530814999014
2023-10-14,True,0.2508674419727077,1.0814167009821962,0.7348252831561747,1.0488433059524922,1.463026056952752
2023-10-15,True,0.2515783386909677,5.0896701466674825,3.590384628669203,4.913689691494466,6.804969770987694
2023-10-16,True,0.23551510457040176,3.977359605404717,2.867567504366853,3.836272878355098,5.28111751190744
2023-10-17,True,0.2142067787756956,3.1487871088644175,2.232215032254891,3.03338877866475,4.2035605866115215
2023-10-18,True,0.19204711045405942,3.053038352428924,2.1676725430234587,2.9510477301861884,4.070159388464795
2023-10-19,True,0.2083904641633476,2.996644141335509,2.1235623790110454,2.903589802662477,3.9811578028223082
2023-10-20,True,0.18785870730917384,2.6559073247326195,1.8519438459043127,2.5598067531163986,3.597393539347241
2023-10-21,True,0.1716225040695149,0.993860589714657,0.6762355160211391,0.9617172343462516,1.3429666535637534
2023-10-22,True,0.16931042929762685,4.663710577059787,3.2820951806034095,4.5132637366008135,6.2337706230394785
2023-10-23,True,0.15391948232999275,3.647329611818501,2.617305395618182,3.523561138435027,4.838828927192906
2023-10-24,True,0.14042247919535228,2.9099254198987934,2.0680694970229676,2.816216777338573,3.8707324438966446
2023-10-25,True,0.1273518426180527,2.8468594988284366,2.0182925676004007,2.768702465587264,3.7657950272389296
2023-10-26,True,0.14612307312199715,2.799962507244198,1.9881159778812458,2.7290302471806593,3.715648606587913
2023-10-27,True,0.12502011686121234,2.4798641095278713,1.7263432664209457,2.4050411493264274,3.3292376509355757
2023-10-28,True,0.10959854590742849,0.9285675958481681,0.635785760483416,0.8966017688881485,1.2547548028231499
2023-10-29,True,0.10920715153828847,4.367132716359051,3.092658025930061,4.238064386444793,5.808953396681676
2023-10-30,True,0.08697156047446121,3.392619348289006,2.4290426824229843,3.2737197280665726,4.481216261236974
2023-10-31,True,0.08943513666690218,2.7487815102397466,1.9534499183442862,2.652927428128947,3.6553430426456917
2023-11-01,True,0.08142497187089998,1.8173512113639154,1.2176644392212685,1.739588926966163,2.503253429921876
2023-11-02,True,0.09555395414991491,1.7733311552718383,1.2025579011412064,1.7184671221910766,2.4147928899324884
2023-11-03,True,0.12518153008972466,1.6439951965344273,1.1406464197765673,1.5870258582605243,2.2370691353904455
2023-11-04,True,0.11224857353927331,0.6169225573406106,0.41838461401038096,0.595576426937544,0.8428038561484246
2023-11-05,True,0.09893323937616286,2.8834997300812732,1.947038275512714,2.764140042793139,3.9745098937459935
2023-11-06,True,0.17815943193202088,2.4746528733756588,1.7053309783275126,2.3859623783356256,3.3551421368135848
2023-11-07,True,0.20939290512298706,2.055181807483946,1.4316597624321363,1.985095644542336,2.7592819205237524
2023-11-08,True,0.18950337146409987,2.0046279773285622,1.3831697667955598,1.9151026791677228,2.7303180784565773
2023-11-09,True,0.1911030133104577,1.9330437533735472,1.3495682997235157,1.873184615435324,2.6022136025306586
2023-11-10,True,0.1717313618228593,1.7081831837690618,1.1986156534292578,1.6515724370536873,2.2923929703312678
2023-11-11,True,0.15882825828449726,0.6412441291764067,0.44339436079712585,0.6182862305790124,0.8697322810087135
2023-11-12,True,0.14389785730347782,2.990157692656114,2.0500360574738217,2.882485561331935,4.051142403830646
2023-11-13,True,0.15122115943567427,2.392505884779271,1.66955215213765,2.3047331375253757,3.2278106742618013
2023-11-14,True,0.14164594813718542,1.9096830333996995,1.336429558413855,1.851136523743162,2.5548395242910136
2023-11-15,True,0.12168847638818432,1.8624759489205789,1.2906752260533878,1.792330655539087,2.528905802639991
2023-11-16,True,0.10204098109956244,1.7591981585259182,1.2227657405517809,1.7134071804835018,2.360190182314017
2023-11-17,True,0.09506471147113502,1.5740048303075747,1.106814241085966,1.5186232231757568,2.1028865258216305
2023-11-18,True,0.12680212713942116,0.6173346593064264,0.4270993926133231,0.5955336177823098,0.8317318023599635
2023-11-19,True,0.11201502201348079,2.879107096875531,1.9817997079480851,2.77763660029841,3.892057624590275
2023-11-20,True,0.09067428030474117,2.2400190346356768,1.5565361412860201,2.1638196304194426,3.0162850439475126
2023-11-21,True,0.07050280724303438,1.7700462679279847,1.2336331455566085,1.7115823159761778,2.3813758648232133
2023-11-22,True,0.04971977596392356,1.7238999593985418,1.1916007636609027,1.6573039894135417,2.319050432173791
2023-11-23,True,0.0415413862152299,1.6471198781028003,1.1501317218206535,1.5944383395088986,2.2046229261799333
2023-11-24,True,0.020951309884504693,1.4548374736833853,1.0151164163366377,1.4033101557718841,1.9558277773871036
2023-11-25,True,0.007646036821050095,0.5458614072555372,0.3748015629662102,0.52962183057864,0.7378636345717561
2023-11-26,True,0.03992040391530722,2.6627010598865137,1.8385146379766586,2.5797061074073753,3.5801505280566808
2023-11-27,True,0.018701691319856197,2.0727796014038753,1.4428212573854908,2.005596414009186,2.793697249052621
2023-11-28,True,0.0483693486159098,1.719609013224082,1.2120837028111093,1.662832306894134,2.306024821975589
2023-11-29,True,0.06431529590509258,1.7361380320126472,1.2140486559340284,1.677031615545572,2.327801909893877
2023-11-30,True,0.04356736610635641,1.6396588415008369,1.1553663692730196,1.5837789999810754,2.1904356507277054
2023-12-01,True,0.13258076706581548,1.5758875836293305,1.075777907460073,1.5180549542683557,2.1485928388805986
2023-12-02,True,0.12011484817194829,0.5939561941585918,0.3892364428621543,0.5696648244629263,0.8319289333131775
2023-12-03,True,0.13977528526889405,2.844770980820047,1.959397858826952,2.7457738974430534,3.854000497212464
2023-12-04,True,0.11848494732906643,2.2241020665007207,1.5077491089538608,2.125177266186573,3.0697419634338745
2023-12-05,True,0.09845772355124142,1.758842994705108,1.1829831416891496,1.6926344475391286,2.3998173513351015
2023-12-06,True,0.07834741732712558,1.7107152505904857,1.1569486439287078,1.6343709267725723,2.354733557224103
2023-12-07,True,0.08406139180420559,1.6542683785608203,1.141187536248421,1.594977836666665,2.2475771478942965
2023-12-08,True,0.06433246529408013,1.4630389960026644,1.002121511259827,1.4077730281638134,1.9910846987338526
2023-12-09,True,0.05178851644186565,0.5512937654907675,0.3641000516446639,0.5294369798403187,0.762068104683896
2023-12-10,True,0.057390521723992685,2.6054770244584486,1.7918123728070334,2.5151814801158032,3.5120263337865736
2023-12-11,True,0.06867338499964201,2.100485329797968,1.4424898243506832,2.016006554589956,2.8584545244467736
2023-12-12,True,0.061100332088851024,1.682026844316439,1.1486482169971965,1.6191031952776194,2.289971981687663
2023-12-13,True,0.05328086673223047,1.6559705407570138,1.1320598023743378,1.5879333443185883,2.253503748769724
2023-12-14,True,0.03298940722494166,1.5622610051825392,1.087837336584697,1.5066048151180806,2.110056037599751
2023-12-15,True,0.028396604403691718,1.4023428031110798,0.9661448869802162,1.3526968515051712,1.8917923212388714
2023-12-16,True,0.01573154767803076,0.5283911863096036,0.35024043954666356,0.5090565980337035,0.7253887428059743
2023-12-17,True,0.001793228604755259,2.450626717283092,1.6895749411639056,2.362650192297449,3.309153334009171
2023-12-18,True,-0.02065269258901746,1.9108535818645147,1.313587812547551,1.831984772152367,2.6057060110212262
2023-12-19,True,-0.02684913099192298,1.531828849232835,1.0444761830486353,1.4744511085649483,2.0946886596838787
2023-12-20,True,0.008649246933014096,1.5735096845993959,1.0794687549347857,1.5158363580803822,2.1316051420650663
2023-12-21,True,0.08205827810206703,1.6272038660333759,1.1533735930877052,1.580677436194976,2.1668789899437217
2023-12-22,True,0.1162912719634431,1.5174868857329504,1.0715973573540178,1.4729355979671288,2.005182242545836
2023-12-23,True,0.125935208638909,0.5843549479111834,0.3973950194203867,0.5666227392033498,0.7951444640773562
2023-12-24,True,0.15320694044544247,2.822455081705714,2.0104694349949317,2.739434949818468,3.729122320131155
2023-12-25,True,0.13279771452050934,2.2067127659076364,1.5507186693250818,2.122068677944254,2.9518069261132567
2023-12-26,True,0.1357639131530217,1.785089729993209,1.251156151358656,1.7284818373136637,2.3801029479452955
2023-12-27,True,0.1278977423427522,1.7570144913184453,1.2336744686587737,1.699240367102149,2.342258518737526
2023-12-28,True,0.12011683381911442,1.6791745758883807,1.1957302205338503,1.62927854807212,2.225742659840216
2023-12-29,True,0.10031550471517914,1.4851589038144852,1.0485704355193857,1.4425464062765057,1.9666832532515888
2023-12-30,True,0.08786229912043148,0.5593668330840647,0.3797816713794426,0.543484864210551,0.7545530749362395
2023-12-31,True,0.06570664157253392,2.5755303711454536,1.8131153283356267,2.506146800929183,3.423412407395498
2024-01-01,True,0.043289232683786635,2.1648201242020253,1.4163895958941248,2.0832730349185122,3.0034117085334846
2024-01-02,True,0.022253929455487854,1.7091186374950988,1.1318355229691255,1.6314264994902614,2.353874967727896
2024-01-03,True,0.0013995442301555049,1.656798016936922,1.1167743738915261,1.5826421530963313,2.285646904982401
2024-01-04,True,-0.019760078865494725,1.5707993765585195,1.0312583608915917,1.5144442733250878,2.1726745079800294
2024-01-05,True,-0.039464105702644386,1.388465429617038,0.9269506969728053,1.3283954398162416,1.9259750742486008
2024-01-06,True,-0.05274817308492756,0.522042533685517,0.33936297837904456,0.4948043979505557,0.7326971821184377
2024-01-07,True,-0.07651235451676328,2.403885322316273,1.5807391763230003,2.2958392734181983,3.3733015045026638
2024-01-08,True,-0.09927286864217316,1.868191076148839,1.2274553756513567,1.7928140495391536,2.5958007325128296
2024-01-09,True,-0.12166253350313047,1.472902963934645,0.9803286555808048,1.4161097365408706,2.046759949384653
2024-01-10,True,-0.12828044166888064,1.4479601046128598,0.9789840758659404,1.3876935778648487,1.9896737157787625
2024-01-11,True,-0.1500428652002278,1.3717820904446947,0.9021743826420527,1.3196888834106764,1.905593635483421
2024-01-12,True,-0.17110329562236126,1.2112628125237546,0.8082744335009162,1.1592905248203889,1.677017172451731
2024-01-13,True,-0.15454184741269117,0.46861977850833625,0.30609287070039587,0.4462654940656818,0.6608811483948497
2024-01-14,True,-0.17919876988201044,2.1568145980645332,1.4228758231185086,2.0498907403923092,3.022008581821715
2024-01-15,True,-0.20178224269775547,1.6764181592672671,1.1169806770411945,1.6022367394441315,2.345681141724252
2024-01-16,True,-0.2228482066093844,1.3232907007706722,0.8836891862439733,1.2696500471150516,1.8287861728180685
2024-01-17,True,-0.2447046311656598,1.2822356446257066,0.8659526507447481,1.223297233912864,1.7727051185797817
2024-01-18,True,-0.2482449932525802,1.2362717093170101,0.816239138950524,1.1886972479986828,1.720159670979005
2024-01-19,True,-0.26811393045185294,1.0927062160777397,0.7278799844317843,1.0415125218658323,1.522107040291047
2024-01-20,True,-0.2795433125513901,0.41122557973201557,0.26877340375420894,0.39132593544772293,0.5810676067587288
2024-01-21,True,-0.2528958989499457,1.988109027430308,1.3327397031443244,1.9032996944373017,2.7610673947324718
2024-01-22,True,-0.1757102098719594,1.7025596269632017,1.1661476281985954,1.6317881872952065,2.3408710066961276
2024-01-23,True,-0.13484944363821502,1.4283374244256826,0.9838232819408839,1.3793262041653478,1.9475116957627163
2024-01-24,True,-0.08238574321282163,1.489637913352685,1.0417137299710988,1.438304046748121,1.9990993161706205
2024-01-25,True,0.04287825406758347,1.627766059113613,1.1449883344954936,1.592058411632901,2.1630292677658227
2024-01-26,True,0.05023625356049667,1.4788187809320934,1.0433543032222552,1.4335805717743888,1.9503979201526291
2024-01-27,True,0.14252207158163255,0.6168185382130763,0.4299841521948507,0.5959165958697958,0.8281174301008588
2024-01-28,True,0.150005283240664,2.9312522426998786,2.07372468600707,2.821132053370166,3.912025248907925
2024-01-29,True,0.1638851349852731,2.359818457577661,1.6740511678675367,2.297901117007152,3.107381006836847
2024-01-30,True,0.14651528039071748,1.8722450302909577,1.3368950417887404,1.8105417158113006,2.4680797491669355
2024-01-31,True,0.16752294902100665,1.8936895500206141,1.3686968259846743,1.8265332696100187,2.501161803785186
2024-02-01,True,0.155441027338587,2.791830172398145,1.9278581323647643,2.7038128389521576,3.7549293338777026
2024-02-02,True,0.26824234418192533,2.8072567177842886,1.9616967239426604,2.7281199069600794,3.743389882634424
2024-02-03,True,0.25771705184984006,1.0611389430888627,0.7066924286799083,1.017561805110695,1.4678839436426718
2024-02-04,True,0.24128643358332774,4.918137392779825,3.3624741207283826,4.770387054458821,6.629166856999457
2024-02-05,True,0.22459913432763784,3.838383610294754,2.674052604475733,3.71633810675605,5.137093049675403
2024-02-06,True,0.2067010151537153,3.044357233514016,2.1160716757861078,2.9524082498581135,4.095784602742612
2024-02-07,True,0.18829583218573448,2.9673720515776076,2.0750006000760006,2.839781596423783,4.002584108901832
2024-02-08,True,0.16975315755635456,2.8109651035229355,1.9755080879601499,2.710868234177428,3.7600623109167155
2024-02-09,True,0.1507865332831968,2.4854765625405055,1.7412389758004876,2.3900671483171503,3.3700339622144506
2024-02-10,True,0.136019114373564,0.9353147163653995,0.6283980148015343,0.8952573617186333,1.2884861613198293
2024-02-11,True,0.11982528060911131,4.338762057084017,2.9687419993303297,4.168934887878112,5.946302409582484
2024-02-12,True,0.10552547908886044,3.393613701198894,2.351355118805385,3.27999262595719,4.58970820980408
2024-02-13,True,0.10064969709951203,2.7248165642135875,1.8875378911034326,2.633256968929613,3.6818302491274078
2024-02-14,True,0.11140224537578594,2.732657019106152,1.907547295459217,2.6164901336373267,3.689164905015794
2024-02-15,True,0.11479363563318123,2.6441767255747233,1.8602553510418112,2.557100055392822,3.542797977924172
2024-02-16,True,0.10394965866320877,2.357371489394061,1.660202423971791,2.2628746984817933,3.169120046875599
2024-02-17,True,0.08819028311729893,0.8857640491538935,0.5976630277236875,0.8513264843873719,1.2167762191270848
2024-02-18,True,0.06592753757492967,4.084433274845833,2.828851450564844,3.9310107801607472,5.577814121730022
2024-02-19,True,0.07251707047218259,3.2610927228224194,2.2789279155179885,3.1533707112677187,4.373030518029533
2024-02-20,True,0.10712382728466378,2.721277961132302,1.9201735057566276,2.6361222392259993,3.6377741690442056
2024-02-21,True,0.09440415773238134,2.6679754731841676,1.8890196336206753,2.5690557720977183,3.5873291027277
2024-02-22,True,0.08271417870896004,2.5430737066289497,1.80172638877372,2.4565766553667014,3.387220601159677
2024-02-23,True,0.062326890076128724,2.246191132240886,1.6032145774528304,2.160221437544859,3.0035110149046504
2024-02-24,True,0.047751886529707605,0.8451550317682444,0.5767438967623825,0.8118817295941795,1.1584969686851936
2024-02-25,True,0.03685595155034606,3.9408456211963854,2.759748468666151,3.7994187989742523,5.310174780007811
2024-02-26,True,0.01450922403232678,3.05935736780492,2.1540883820209467,2.9613376958653523,4.099359498761087
2024-02-27,True,-0.006537318230593473,2.4168577682075933,1.7038745949713419,2.340139039526025,3.2303405504525813
2024-02-28,True,-0.027589893161793406,2.351051088662366,1.6678016747288265,2.2515968832827062,3.1711063089261136
2024-02-29,True,-0.019545248621087613,2.2834835839237817,1.6271337100939554,2.212408162111226,3.0381434448448776
2024-03-01,True,-0.0391197934602205,1.660977202770679,1.129516872227307,1.5904805137457085,2.2724388607632076
2024-03-02,True,-0.05260781424724215,0.6245725366373949,0.41277497007680397,0.5968931322767272,0.8680916863765308
2024-03-03,True,-0.06700687451559169,2.9056202842002015,1.9668437484515817,2.7846182810939117,4.004839100536526
2024-03-04,True,-0.08719565153214358,2.2586182462112228,1.5391937301480507,2.1739520729278055,3.0756394889140863
2024-03-05,True,-0.019957751949413766,1.9466045136324828,1.351744797190516,1.8710107460688699,2.648376796010633
2024-03-06,True,-0.029575112071952108,1.9192089783600617,1.3151796631486252,1.8168281211652069,2.6611678896688757
2024-03-07,True,-0.04928959347882657,1.8123755132170563,1.2501243184396669,1.7446911889512964,2.466386790306076
2024-03-08,True,-0.06828306124265854,1.6010123531700327,1.1079123928172145,1.5424958696348616,2.1724069855219623
2024-03-09,True,-0.016404577759968966,0.6422230639944841,0.4323040780957379,0.6156653239198421,0.8834926677726409
2024-03-10,True,-0.023274044602299693,3.0106864855369078,2.0739686707990193,2.8850308153143684,4.1287029284350885
2024-03-11,True,-0.04471327770328988,2.3389560579992614,1.6209457020792213,2.2514287400838993,3.1606196560381234
2024-03-12,True,-0.02077353215093772,1.9312154490810165,1.3568650010822076,1.8583742633777467,2.603478111668551
2024-03-13,True,-0.008412229451175205,1.94533887237813,1.3474024537113278,1.849319269175815,2.659512181110047
2024-03-14,True,-0.00595137535376116,1.8787118043199855,1.3085031652888683,1.8193513933602448,2.5325608198423653
2024-03-15,True,-0.025360521255572192,1.660126896424737,1.1600566656946356,1.5976758755431884,2.2314335345143967
2024-03-16,True,-0.03909819367851591,0.6236813374038317,0.42284082649308136,0.60018149632223,0.8507967150334966
2024-03-17,True,-0.04529448400055425,2.9249595835237283,2.0248232737228946,2.815239388672431,3.970926215619347
2024-03-18,True,-0.00022896184353693276,2.4263533235197157,1.6983134919869922,2.351761848941084,3.2368094980472937
2024-03-19,True,-0.020645996082637782,1.9192086957168126,1.3507906905654044,1.8633476381457454,2.5631271812729826
2024-03-20,True,-0.007647421588474271,1.9333107944104155,1.3537021476533637,1.8525736017923535,2.6285425395969164
2024-03-21,True,-0.01695968296157506,1.8458979709564982,1.2888618005200871,1.7869356365068612,2.4628546559788913
2024-03-22,True,-0.03718650707953953,1.6299199694874884,1.1470697007216606,1.5715622166213963,2.1867342874897018
2024-03-23,True,-0.05065939378383159,0.6125920040010246,0.416560070754477,0.589664730373431,0.8354061749302091
2024-03-24,True,-0.06454915168139932,2.850912650842903,1.9845022671532173,2.7428120860595677,3.8632629777865968
2024-03-25,True,0.05485766718257223,2.541730386759278,1.8263949200586431,2.4816465277791417,3.358478929634011
2024-03-26,True,0.034245088496103,2.012905639943913,1.431330873168044,1.9558403283687817,2.6730102617277587
2024-03-27,True,0.035157777328641344,2.0028395180498704,1.417247641221148,1.9309459419630441,2.6999971367208824
2024-03-28,True,0.0890000357007136,2.0348886046619565,1.4564596447199405,1.975042024724831,2.694998218203157
2024-03-29,True,0.13422134899894952,1.9177863541102258,1.3811258422004051,1.864198625383773,2.528062339371971
2024-03-30,True,0.2330680002003505,0.8050536826138319,0.5651133049959929,0.7822431567806852,1.0745579801994511
2024-03-31,True,0.24675868011523902,3.851765141244928,2.779333077141398,3.7194365260972138,5.1056107797568435
2024-04-01,True,0.25416900857691493,3.94591630899497,2.7245655304032415,3.8105143445496457,5.314009708560631
2024-04-02,True,0.2748643295583763,3.255896796752515,2.2280049507543582,3.136219172359364,4.437297326665129
2024-04-03,True,0.26090329169138987,3.182820768217926,2.203559961883458,3.0464706976560176,4.342798229882459
2024-04-04,True,0.2753962095660105,3.1132690673805277,2.178051773524251,2.998183148201108,4.2036072577450865
2024-04-05,True,0.2705641542634626,2.7979978038587126,1.9233809754421003,2.6880237193196317,3.786986739319147
2024-04-06,True,0.2700332415188917,1.0599863148397248,0.7382300469042401,1.0228124921072896,1.4307945869837184
2024-04-07,True,0.29383381547827025,5.127078592279719,3.590113423887699,4.9377878904950085,6.897470031388168
2024-04-08,True,0.27773588442931263,4.008054394485835,2.8174725393433033,3.880092574841914,5.343923876297601
2024-04-09,True,0.26425808018161445,3.198604086046738,2.211031173766411,3.092572891716941,4.332991861975802
2024-04-10,True,0.2574509064018366,3.1485543278164094,2.2071290149514513,3.0339769211867655,4.248305080285522
2024-04-11,True,0.2513160290574988,3.018744915332679,2.123984984434174,2.915266843890654,4.0230984000048275
2024-04-12,True,0.22983213736600672,2.669591722616802,1.8445141898349373,2.5690266267762434,3.621775849971847
2024-04-13,True,0.21408274064408406,0.996758369248843,0.6913282106934729,0.9649815456296622,1.3418579849469987
2024-04-14,True,0.19594479499101058,4.626776053685724,3.223614818060956,4.4848927021188185,6.2237592521293825
2024-04-15,True,0.17288544591219931,3.5920806655423414,2.5228569574284445,3.473195516685523,4.798069193752708
2024-04-16,True,0.15137254720453402,2.843016636326737,1.9534082970398858,2.7498617986688028,3.853033858643811
2024-04-17,True,0.15399952574072143,2.8247664032798907,1.9709793726281617,2.7338690087261335,3.790126137016911
2024-04-18,True,0.1740038911996337,2.776681888051524,1.9665874640774932,2.693765051540304,3.6932298405510133
2024-04-19,True,0.1528717102051136,2.4570895954745264,1.7030578716038096,2.3753582682542973,3.3015328426787875
2024-04-20,True,0.15414440173048158,0.9331081441200573,0.646250553448857,0.9042950804995257,1.2554709846419818
2024-04-21,True,0.1309669128579416,4.310112109169859,3.006315331370537,4.16884207386433,5.781950494941815
2024-04-22,True,0.13609561140928284,3.4405825889525934,2.4190423959527654,3.3280474443271872,4.573140438134676
2024-04-23,True,0.11410198872406173,2.7210702824108086,1.8929755231517245,2.632609296690663,3.6627927205475865
2024-04-24,True,0.09183843874561723,2.640644840359604,1.8358799934154757,2.5504341517336826,3.5371206077229638
2024-04-25,True,0.0969878194660847,2.55672196902368,1.8127058023270084,2.4867094155997442,3.3997113810789594
2024-04-26,True,0.07567355763324173,2.262903520793442,1.5706977781320934,2.184989277592105,3.0367337713464746
2024-04-27,True,0.06103237643680111,0.8463284428788438,0.5825267564798181,0.8178564268430996,1.1362827744280455
2024-04-28,True,0.0439502542376001,3.929407766882341,2.75198870617644,3.790312181079773,5.279242157280724
2024-04-29,True,0.020475392520010398,3.0492109139390884,2.1589164451726566,2.9519039347404825,4.080017815517048
2024-04-30,True,-0.0015285849234667128,2.4100833572866023,1.6822631051212011,2.3292154713578284,3.2387637921089274
2024-05-01,True,-0.022795543342694687,2.3868634061962766,1.62038448632973,2.29786025402864,3.2615801119201056
2024-05-02,True,-0.0436102973038133,2.2498669997276477,1.5598441808368682,2.1604434071445597,3.0503441696009275
2024-05-03,True,-0.06461002126660008,1.9864230544746375,1.3743905781751764,1.920948453657319,2.685050138902875
2024-05-04,True,-0.07862167395601632,0.7483780590015052,0.4954685416805773,0.7254224570565826,1.035767784764276
2024-05-05,True,-0.08090669074463414,3.516996542914198,2.4044037919128796,3.361059954307243,4.817323975371431
2024-05-06,True,-0.05377646866408054,2.8623186705685857,1.986924298040488,2.770667157212639,3.857787025941927
2024-05-07,True,-0.05558477872872314,2.305634079099851,1.6043363589108715,2.223195862962538,3.1094056470568034
2024-05-08,True,0.04484284681054572,2.528591615645264,1.7651893523635958,2.452370395302064,3.398514153975462
2024-05-09,True,0.023918211603422102,2.3877898988984683,1.688464980743834,2.3063765062846584,3.1949463978261847
2024-05-10,True,0.013691912536990175,2.1300354853884853,1.4993789059560787,2.0615678721370916,2.856101630088957
2024-05-11,True,-0.002253560256217639,0.8004825718352538,0.5399607390487563,0.7752458106595241,1.0944568380388202
2024-05-12,True,-0.018256122804866087,3.714496061357747,2.5794724695059514,3.564716863431422,5.02932451064773
2024-05-13,True,-0.04105418418052547,2.8795562023160284,2.0282644945457964,2.792667155547035,3.855606839392923
2024-05-14,True,-0.06284874368962755,2.2747913425652797,1.5956783634309266,2.1941579620366647,3.0520176592466823
2024-05-15,True,-0.07468554816120092,2.2342014947255358,1.5497170322508178,2.157112367080716,3.020393576457052
2024-05-16,True,-0.08614980016905682,2.1285184214698143,1.5028643833886366,2.0618398762258257,2.845414164563993
2024-05-17,True,-0.08479756784311726,1.9202008638107402,1.3528763408002307,1.8571022408877413,2.5604916314941417
2024-05-18,True,-0.09929967600017807,0.7228170913923309,0.48942510762192026,0.6961597886073329,0.9867038038900737
2024-05-19,True,-0.09384692249108148,3.422629309756192,2.3912289614121742,3.2846487297769853,4.59654051929232
2024-05-20,True,-0.08218511252916458,2.745556578422983,1.9488254691583164,2.659983877246885,3.6581559634581526
2024-05-21,True,-0.06424888329545884,2.255730121695273,1.6016659448026127,2.1802123210307327,3.004295925314762
2024-05-22,True,-0.08502682692852598,2.196518491234781,1.5382288986991581,2.1236012745877346,2.9510679897240224
2024-05-23,True,-0.0954015835178207,2.0953368703176336,1.4952689358193598,2.0300913236652214,2.7815961716872266
2024-05-24,True,-0.08182522879600379,1.912850518485393,1.364683665837247,1.8499710179140383,2.5391436160814114
2024-05-25,True,-0.0961140590342866,0.7204256012590524,0.49318458886687855,0.6956352526216333,0.9788886650696728
2024-05-26,True,-0.10550233914862027,3.36242888197862,2.3586175609818434,3.242928370696563,4.508967509443626
2024-05-27,True,-0.07635501972840844,2.7434736649890956,1.9579043575801705,2.6690398221754994,3.626562787196656
2024-05-28,True,-0.07764742838723519,2.212566515952426,1.580178735015675,2.1450873573825278,2.9270025610860766
2024-05-29,True,-0.08862275342918385,2.1755306177487435,1.5241384186758762,2.1100632071800343,2.8931455800805534
2024-05-30,True,-0.08883648951593323,2.0964138738073954,1.4964508051674388,2.031933607627576,2.772739720673807
2024-05-31,True,-0.08693654214572633,1.8922209708376492,1.3606325340642107,1.8292002955261992,2.5019496361842988
2024-06-01,True,-0.1011632408704283,0.6324205710659917,0.4204928038490754,0.6086647463422383,0.8737188700698588
2024-06-02,True,-0.11647485320543136,2.9336207994726626,2.0158638613949273,2.8318633166361016,3.980963984291233
2024-06-03,True,-0.09932434912331967,2.3716352626995114,1.6388108849725582,2.295644409968078,3.214301370160383
2024-06-04,True,-0.07482593419350822,1.9588535042324833,1.3658487263870251,1.8975393167372354,2.629047571068634
2024-06-05,True,-0.0729667250454547,1.952674652728749,1.3391797852438958,1.8799835773938482,2.639728152960897
2024-06-06,True,-0.03732840858851426,1.9483982584726278,1.3597653564068324,1.8831088208644404,2.615666185823663
2024-06-07,True,0.012083339137274614,1.8414092944722773,1.303888446684273,1.7824914565324017,2.4550931951950954
2024-06-08,True,-0.0014546475668971454,0.6925749701808319,0.4716089314246559,0.670797693369515,0.9396639278428088
2024-06-09,True,0.026025303854588885,3.3491793768560383,2.375787437386073,3.243785172237799,4.454833278260453
2024-06-10,True,0.013027368403001774,2.629442483419578,1.851963438573128,2.548134769665466,3.5018186306423327
2024-06-11,True,0.031719955001025854,2.160223423267243,1.5345149877878606,2.0909372544587526,2.8832557362292754
2024-06-12,True,0.012211369035104988,2.107786782726998,1.4782992550561491,2.033573064840369,2.8106181475449787
2024-06-13,True,0.02259564633797905,2.052249618771941,1.461526531306627,1.9869151480682987,2.7149766214801065
2024-06-14,True,0.002718449885273962,1.8128197505691415,1.2860765617189913,1.759655053188244,2.3995722055558546
2024-06-15,True,-0.011302530670209816,0.6810667863400603,0.46794350239433347,0.6608647652359726,0.9214794108840226
2024-06-16,True,-0.034134490570410035,3.137090416300774,2.217045122462517,3.0447788506739415,4.192649080462025
2024-06-17,True,-0.0023022304305788167,2.5727068553364667,1.82724248529007,2.503632217423458,3.4048787282827884
2024-06-18,True,-0.012765155926149418,2.0544383095709433,1.4682096860146163,1.9932749758219805,2.720483429099171
2024-06-19,True,-0.0332210641972195,2.0030724657309964,1.4144519517667826,1.9318123111938847,2.6776067653889095
2024-06-20,True,-0.053272783851363574,1.8927754568584128,1.3434548186633342,1.827667003618294,2.5088516975050608
2024-06-21,True,-0.04863681361923003,1.7130512890092608,1.2177460376045472,1.6657356329712414,2.273274814509303
2024-06-22,True,-0.04052373037819418,0.6576038833050222,0.4541389581791104,0.6364054138412263,0.8840868985052224
2024-06-23,True,-0.032619830565336135,3.12278025416576,2.212320855354523,3.030804528652459,4.161679101282701
2024-06-24,True,-0.017923039777052396,2.5177638688515023,1.8052679574265709,2.444334604544647,3.3193429695212853
2024-06-25,True,-0.017731833955200837,2.032104763186256,1.4544896036322459,1.9780326293305075,2.667474543814861
2024-06-26,True,0.01309971725772345,2.082591396571421,1.4878454741873712,2.0154211685421193,2.763654329469386
2024-06-27,True,-0.007394695955877996,1.9684642586431358,1.4153817734062903,1.9073057413066041,2.585064096599926
2024-06-28,True,-0.027368949310619756,1.7389354112141706,1.2423801669292025,1.6938859275139886,2.2867045797783296
2024-06-29,True,-0.041772663970656265,0.6528211174847192,0.45530456046332973,0.6337644303552934,0.872933623626216
2024-06-30,True,-0.033822766268663464,3.0997209074510197,2.2125392942222963,3.0116390595655482,4.0860876998091396
2024-07-01,True,-0.055669231984337104,2.819218422266389,1.9534676530996282,2.723256245341544,3.8166369101365194
2024-07-02,True,-0.07715653601815554,2.233366325369749,1.5188849431897908,2.1576145590120186,3.0353847181766183
2024-07-03,True,-0.08824077118969752,2.193524171185075,1.4948711891707382,2.1111537174895583,2.9688924058675155
2024-07-04,True,-0.11004093911591303,2.069820323202016,1.40904099556485,1.996745865695541,2.80835183255617
2024-07-05,True,-0.13100708823674995,1.8258041460139023,1.2542698946147492,1.7673790076979592,2.478717848675088
2024-07-06,True,-0.14621182862402773,0.6865493120080681,0.4488482332403266,0.6634820744500614,0.9436402295034577
2024-07-07,True,-0.1460178859507847,3.2331313602832257,2.19216629891766,3.115250215203531,4.410579774906003
2024-07-08,True,-0.16969665970628697,2.5034160127076985,1.7130939795488376,2.426267958566077,3.3853355909206426
2024-07-09,True,-0.15761272865735182,2.0473631555899825,1.3960527710044306,1.9792663102401482,2.7813509411142774
2024-07-10,True,-0.1679264051994671,2.0136010263401642,1.3629605328259464,1.9385786918442136,2.7254108857976656
2024-07-11,True,-0.14387048840928107,1.9861053454554618,1.3671525989983666,1.9221343040552126,2.6903209291544763
2024-07-12,True,-0.1642564998131559,1.7540657600912215,1.2193513432118075,1.6928113033923824,2.373037084745734
2024-07-13,True,-0.1786922784474224,0.6597646930476583,0.43609685972509854,0.6397993908844618,0.9062737796470535
2024-07-14,True,-0.18679344085311875,3.0820526533043338,2.1105224165721133,2.9606859437408444,4.189462221439091
2024-07-15,True,-0.20991713108663168,2.3894576229615563,1.6469502073005968,2.31801435610214,3.21573900167421
2024-07-16,True,-0.23080004335377302,1.8908405054671533,1.2968668165801955,1.8301260068147867,2.54778770698437
2024-07-17,True,-0.2520570584471082,1.8405878494144479,1.2491251929955827,1.7705048035885709,2.4985645026083585
2024-07-18,True,-0.27381681891275395,1.7363699761601963,1.1873444583217023,1.6842481183688949,2.351413555193138
2024-07-19,True,-0.29519675394888284,1.5311937942634941,1.0548186621829305,1.4821411990701179,2.0646520828909183
2024-07-20,True,-0.23610668248750458,0.6188303637142707,0.41207585813197434,0.5994332166988748,0.8463700233042172
2024-07-21,True,-0.21690653972592153,2.9703070522871395,2.0496629309092387,2.870617214035469,4.016274086351173
2024-07-22,True,-0.24075057975906755,2.3039076621620413,1.5986689562749725,2.231227258758901,3.1000306991025104
2024-07-23,True,-0.2631808160849475,1.820847872686417,1.2486823386314014,1.7630612754052284,2.4595048438762657
2024-07-24,True,-0.23463804855851622,1.8594633681159882,1.283740311374218,1.7989491799309882,2.5008280442270214
2024-07-25,True,-0.24379176218121243,1.7758816874803363,1.2344433424240182,1.727473959973107,2.381341851942594
2024-07-26,True,-0.2652866349775567,1.5671316461522729,1.0876050053918835,1.5138562700701508,2.1042293779578345
2024-07-27,True,-0.27947245916198715,0.5891442557494959,0.3973834735609644,0.5699670660551306,0.8025022669316544
2024-07-28,True,-0.2946713669037774,2.7341933025067955,1.8890813836026614,2.640076827689492,3.702062259244661
2024-07-29,True,-0.31843158704965757,2.121965031205949,1.468776313974218,2.054975339393562,2.8614900655843525
2024-07-30,True,-0.3404300793294229,1.6763620591082575,1.1613240387786408,1.6222154529690527,2.263885487710595
2024-07-31,True,-0.3638493902322836,1.6274474087991946,1.122466378734611,1.57029985057063,2.1911263144727724
2024-08-01,True,-0.36706087145035093,1.266913838235273,0.8279298479517078,1.224434779791903,1.7595483397478224
2024-08-02,True,-0.38756968351410936,1.1198194149688152,0.7402329323159196,1.069950387920579,1.5692675634791504
2024-08-03,True,-0.3997903237700417,0.41923232240644354,0.2737618712187496,0.4022928590963682,0.5847362568244923
2024-08-04,True,-0.4115492070157077,1.9551507779384218,1.315215957166849,1.8796591879813163,2.698643069093738
2024-08-05,True,-0.4037876620427213,1.5734537035967233,1.0232235200565147,1.5163874909701605,2.1925327193248596
2024-08-06,True,-0.42358046451288184,1.238150908405374,0.8377862248199951,1.1825719211751624,1.6977341659316512
2024-08-07,True,-0.4434662343425255,1.207902543646219,0.8045042609165224,1.1564974936090502,1.667841279497222
2024-08-08,True,-0.4633342159349977,1.143340068105998,0.756875161898853,1.1023611675463683,1.5826363960700196
2024-08-09,True,-0.48189927901203045,1.0120618691226886,0.677232604203132,0.9664381400547472,1.4072800731098802
2024-08-10,True,-0.4929570872499708,0.37939846512075887,0.25137932102422283,0.36170676375371397,0.5269251377772934
2024-08-11,True,-0.4393879219005388,1.8864964584110449,1.2878438035004693,1.8162366896823416,2.5895895402614744
2024-08-12,True,-0.44676107783425334,1.4963798520633578,0.9927163964936013,1.4338864550025268,2.069998597056976
2024-08-13,True,-0.4491173430039764,1.1985616757932562,0.8167467727813369,1.1512333383971718,1.6401698931410285
2024-08-14,True,-0.45116140626140483,1.1894340717179661,0.8058064125731969,1.142469553148869,1.628961772620013
2024-08-15,True,-0.47056091049451965,1.1269590931208715,0.7585112999596784,1.0856179859496298,1.5490253800199103
2024-08-16,True,-0.4887932345274038,0.9977427524362792,0.6779803590459751,0.9557649297694701,1.3686736494422846
2024-08-17,True,-0.49962173511892544,0.3743723226742572,0.25132187689064617,0.359417093005587,0.5157506384101059
2024-08-18,True,-0.50840385489376,1.7488101644559786,1.2093642377378502,1.6833634574797591,2.3663161378890334
2024-08-19,True,-0.48362111882201125,1.4305221927245495,0.9686459516180355,1.3785955110330637,1.957492677157632
2024-08-20,True,-0.48595038230494836,1.1467606138393083,0.7996124517147669,1.1064655012537168,1.5464259084808158
2024-08-21,True,-0.4539153732630005,1.176512976138921,0.8153844689216596,1.1344123160374928,1.59200162138228
2024-08-22,True,-0.47260586205760924,1.116277297070562,0.7684083924067494,1.0734333512853256,1.518317993429968
2024-08-23,True,-0.47221927284318116,1.0065192665721798,0.6946088092230993,0.9696179198106663,1.364489319510793
2024-08-24,True,-0.4830869691186228,0.3779314216697708,0.25673026037755015,0.3643787948882666,0.5157392358925706
2024-08-25,True,-0.44157089719504683,1.8553506230116883,1.3000858028030642,1.7878750200109106,2.4982892998626203
2024-08-26,True,-0.4625238648800979,1.4508936367642575,0.9935773066962853,1.400294161880934,1.9791528829725973
2024-08-27,True,-0.3815538317833398,1.2632662903487906,0.8921336797884268,1.22331195396193,1.691820363565507
2024-08-28,True,-0.3223419816199225,1.3313244930791206,0.9391202816552284,1.2823428082620416,1.7805514504299869
2024-08-29,True,-0.2960386101002695,1.319871366942488,0.9191961640487495,1.285042081818048,1.766926882033545
2024-08-30,True,-0.31486470013520584,1.1686778782921277,0.8126442742894766,1.1317526379752825,1.5785304303280223
2024-08-31,True,-0.29954483237490936,0.45037938098299246,0.3096079443212671,0.4357794155468947,0.6107266337353403
2024-09-01,True,-0.24486581075631753,2.225646990757073,1.5171060289364717,2.146316009816037,3.050407410838364
2024-09-02,True,-0.25250949842826165,1.7570277957923799,1.1962669148290968,1.6987963145106262,2.411733649845646
2024-09-03,True,-0.2292304397194091,1.4504328080660627,0.9948209654028134,1.3927720735678626,1.979132697941792
2024-09-04,True,-0.20721247826631883,1.4704311687952212,1.0059493703305982,1.4203464723124484,1.9985175386399978
2024-09-05,True,-0.22655780116055985,1.3965730108301913,0.9447804792624188,1.3450734768303922,1.9078082494344617
2024-09-06,True,-0.22926045497036074,1.2527871055652926,0.8571032499724276,1.2095516652829341,1.7043015411223248
2024-09-07,True,-0.21618730112626167,0.4832057028359582,0.3222740867718622,0.46654096331439543,0.6748461243715136
2024-09-08,True,-0.23783328453068817,2.2257008935836735,1.5375370662780645,2.1465332610044094,3.0277365165779146
2024-09-09,True,-0.24609772212287648,1.7561570895950993,1.2079766150120819,1.700676082603104,2.384420331920631
2024-09-10,True,-0.2364164041979458,1.4305095563110934,0.996936544636836,1.3791633747273417,1.9343268705016756
2024-09-11,True,-0.24176175163639596,1.4120222250166026,0.9736174822347832,1.3625440102946338,1.9118952957401492
2024-09-12,True,-0.23185366539341912,1.3795256723823948,0.946645239394781,1.3314774411812849,1.86861123071132
2024-09-13,True,-0.25048365172849646,1.2192402400362239,0.8374750903319067,1.1727730113276706,1.6569003849959536
2024-09-14,True,-0.26308979100088764,0.45860023316214094,0.307220693271364,0.4408992725841974,0.631254842612616
2024-09-15,True,-0.2856223886641966,2.1098848451786436,1.4706322579498796,2.035064547178581,2.8567267757720503
2024-09-16,True,-0.30729495856169337,1.6436652295218486,1.1333359706634265,1.5884524182235626,2.237829296818784
2024-09-17,True,-0.2657636196157427,1.380463183749709,0.9650334688913896,1.3302745607842164,1.8596259929906243
2024-09-18,True,-0.2702160035355511,1.3643155994295708,0.947254719306603,1.3164695033576577,1.843730687627198
2024-09-19,True,-0.29002254535056116,1.2946831915685038,0.8872608430777029,1.250937805554423,1.7603183292967093
2024-09-20,True,-0.3094979263394825,1.1431158881319514,0.7884862497989737,1.1022288151784092,1.5550977148382161
2024-09-21,True,-0.3219467496581729,0.43011414757071054,0.28904787833575823,0.4119915939030773,0.5939195489296953
2024-09-22,True,-0.3326497128512181,2.0012570040653825,1.3916129822411445,1.927812705402501,2.689248699038843
2024-09-23,True,-0.35437569920398265,1.559223535477818,1.0809408776470004,1.4990949930584567,2.1082332576266616
2024-09-24,True,-0.3257505330860048,1.2924823409744786,0.9064885734278653,1.2463959758953125,1.7381937752737837
2024-09-25,True,-0.3292037642711442,1.27872222125701,0.8898768380047336,1.2350535882513034,1.7184939600231988
2024-09-26,True,-0.3162082523887307,1.2528175827072723,0.8647610471558506,1.2105654268560266,1.6905504192846237
2024-09-27,True,-0.30099070937947014,1.1443922780805802,0.8034238550296944,1.1066930859994657,1.5330394908521134
2024-09-28,True,-0.31264467030376164,0.4312382949620648,0.29256811471446253,0.41509121760862605,0.5938398185770165
2024-09-29,True,-0.2888322482870237,2.0753141475501513,1.465914280948297,2.0025785713821684,2.7714707113325248
2024-09-30,True,-0.31018803245831533,1.6178761355696318,1.1324904277812067,1.5612909162141415,2.1742256802615407
2024-10-01,True,-0.31477651342612706,1.4477405903141123,0.9463887168886354,1.3791576394989071,2.0336939744308817
2024-10-02,True,-0.23604779080146854,1.5477892594909666,1.0423124511326163,1.4734082351405773,2.134811911321954
2024-10-03,True,-0.2555929893142691,1.4662351688452322,0.9873328437382654,1.398210960988507,2.033658963312639
2024-10-04,True,-0.2746849589391669,1.303484986506879,0.8529608955138672,1.2341512715197784,1.8483366770647713
2024-10-05,True,-0.2870551416914639,0.48896658633135726,0.31468838765509594,0.4666249537665743,0.6872231571696269
2024-10-06,True,-0.31036120116545296,2.242177282289843,1.512121337760582,2.1499519223699886,3.1094308976746565
2024-10-07,True,-0.3319431747297016,1.747558157617549,1.1716000167707092,1.6645182886131726,2.4226849809758475
2024-10-08,True,-0.322141904028206,1.423878951472219,0.9489250799954755,1.3630057082766425,1.9667652396833062
2024-10-09,True,-0.3421584255440124,1.383251882276612,0.932948582791561,1.3195739596755751,1.8989445401321154
2024-10-10,True,-0.3622570069837372,1.309999121739113,0.8841903023218978,1.25812598397511,1.8032873738970217
2024-10-11,False,-0.3616079840456322,1.1883574756269337,0.7771476677783687,1.1279510247062823,1.6746129896787834
2024-10-12,False,-0.3611852499189122,0.45185579033533313,0.29069010385966354,0.4312327118790241,0.6342239214547876
2024-10-13,False,-0.3616372693173622,2.1209021163931,1.4197760178554264,2.0300794877643367,2.932540617601226
2024-10-14,False,-0.36175035434409064,1.6892654527635405,1.1268288629027075,1.6056669884443968,2.3401306212035955
2024-10-15,False,-0.3612906699826059,1.365297626633155,0.8962974201595412,1.3050260229295962,1.8981396597200226
2024-10-16,False,-0.36125267691478313,1.3538258508881498,0.907743212665279,1.292952610660639,1.8774356132377699
2024-10-17,False,-0.36104483507809954,1.3091524621176138,0.8690184728764904,1.2523372067269203,1.827798846148661
2024-10-18,False,-0.36075011645904004,1.1868818990546206,0.7666360793636613,1.1279944627320226,1.6897435171861224
2024-10-19,False,-0.36038164831046143,0.4512609352873196,0.2865260596516143,0.42938652812898276,0.6391872621142696
2024-10-20,False,-0.3600087203968726,2.119406839287702,1.4064178971694996,2.0233467368090405,2.962187324634129
2024-10-21,False,-0.36000754587861006,1.6887777622794267,1.1038894557958618,1.6057523356622423,2.373342181519879
2024-10-22,True,-0.3839796475244251,1.3311905001446815,0.8626700624117709,1.2687330149464076,1.8713952607980786
2024-10-23,False,-0.383015269760984,1.3213703227262514,0.8719818651825888,1.2561940250119648,1.8547075658418224
2024-10-24,True,-0.4066218275430401,1.246840788661887,0.8164796970877944,1.1880162079410936,1.7552406370363278
2024-10-25,True,-0.4071713482698378,1.128071969095099,0.7277724612920407,1.0673457309699523,1.6078362944586935
2024-10-26,True,-0.4218964756000659,0.42225361675256534,0.26689312640668317,0.40242451815522134,0.6019330867529146
2024-10-27,True,-0.4487670086204414,1.9288434916742607,1.2610342715468283,1.8424176070404152,2.6770505423613464
2024-10-28,True,-0.4746670348628554,1.4973050762938436,0.9796558730103107,1.416504096137145,2.102287923064736
2024-10-29,True,-0.41731249250032537,1.2770546008676305,0.845799311293216,1.2217334117919287,1.7758772248785017
2024-10-30,True,-0.44086476353988824,1.2373632832610748,0.8174671029517258,1.1785719668493355,1.7241883266693847
2024-10-31,True,-0.44354013684966875,1.1913909687040602,0.7896963302523933,1.1383759962482476,1.6519413450383496
2024-11-01,True,-0.46213400297171614,0.7025262759569475,0.4649102020010805,0.6687892065724775,0.9889786761548026
2024-11-02,True,-0.47260739636074867,0.2640787691059878,0.17219834557154148,0.25080190310420375,0.3737480242279905
2024-11-03,True,-0.4957496641405894,1.2192200551068098,0.8031465912402859,1.1614805969013127,1.708333836936306
2024-11-04,True,-0.5174617450694687,0.9510187661009134,0.6194801185553624,0.8999593764467917,1.3435241032897298
2024-11-05,True,-0.5369243112482409,0.7498360206112424,0.4978727317898809,0.7155035570310699,1.0412996210032308
2024-11-06,True,-0.478417765143447,0.7895265810539563,0.5264698058786775,0.7482860262187778,1.1035900470625197
2024-11-07,True,-0.42115222228472204,0.8044738287672731,0.5414809329328395,0.7732634962619875,1.106584443862166
2024-11-08,True,-0.41335735878365704,0.7313240288438367,0.4926302324006869,0.698357473628989,1.018796909567279
2024-11-09,True,-0.4238430470859341,0.2749533418458471,0.18141797839234863,0.2615763783169813,0.384849182091286
2024-11-10,True,-0.4471265786962466,1.269318459539348,0.8500150158684442,1.2168491977543452,1.7680602247590052
2024-11-11,True,-0.44586531565703613,1.012104415389674,0.6748854277370282,0.9665530369439493,1.4186240585929901
2024-11-12,True,-0.4165484735456048,0.8373307729393193,0.568437325119567,0.8054307146417855,1.1516937716251257
2024-11-13,True,-0.4357598461852724,0.8171528130649117,0.5498643807877618,0.7815040332625668,1.1283346896366195
2024-11-14,True,-0.38218584719491594,0.8292290826366279,0.5682641989649881,0.8012140869363306,1.1284404296427168
2024-11-15,True,-0.40083426590563,0.734821665809653,0.4994871555140624,0.704340059832588,1.0092570863420178
2024-11-16,True,-0.411185654690699,0.2763990206645681,0.18539168332560438,0.2644453101805782,0.3860441445428161
2024-11-17,True,-0.41566448212178564,1.2993025373669354,0.8799607871610856,1.2465885874455056,1.7818395855160398
2024-11-18,True,-0.39504193079785793,1.0557910715756054,0.7149995037329638,1.0067605234460277,1.450345957168169
2024-11-19,True,-0.41369037642228024,0.8339035782887616,0.5725707516797856,0.8034674180151828,1.1381214992015465
2024-11-20,True,-0.40833735676184324,0.8333952768301418,0.5675606797369761,0.7968825867650691,1.1362348639388877
2024-11-21,True,-0.426810434020891,0.7879829622735638,0.5438192817711994,0.7632666494968087,1.0616220720719562
2024-11-22,True,-0.4444903549110488,0.6990803695919376,0.47802742148227567,0.6712241467608703,0.9536356670287938
2024-11-23,True,-0.45459381439913604,0.2630984342809261,0.1768720444929637,0.2517850988538397,0.3641215256771225
2024-11-24,True,-0.4392841702619346,1.260232579073107,0.8594306612777749,1.217054702019219,1.7111007529020168
2024-11-25,True,-0.43821854532657845,1.004548822328966,0.6861479137247417,0.9622666930253642,1.3821326247297812
2024-11-26,True,-0.45744602627031816,0.7935169587557662,0.5423836916109301,0.7678181366255056,1.0738840367986526
2024-11-27,True,-0.47656887519497776,0.774030255133029,0.5287659618259952,0.743279644355787,1.051715282460518
2024-11-28,True,-0.49505396597610485,0.7321891552989859,0.5004453573344623,0.7091590576919159,0.9856427446527167
2024-11-29,True,-0.513015210663033,0.6492721178348212,0.4420851546121254,0.6263890604571897,0.8840221339753644
2024-11-30,True,-0.5230034789774349,0.2444145396062644,0.16498707576395763,0.23384477926778371,0.33748837442473056
2024-12-01,True,-0.5451973142477695,1.1011300496542544,0.7246198326183872,1.052936638000239,1.5271873495686619
2024-12-02,True,-0.49558909502543536,0.9223241438330414,0.6076193529838038,0.8769171441204867,1.300683406134037
2024-12-03,True,-0.43940784211026174,0.7851855233427905,0.520231520120897,0.7528818998252546,1.0950137489181655
2024-12-04,True,-0.4574098509999959,0.7658901841018504,0.5061054469673216,0.7275367669240628,1.07141043104231
2024-12-05,True,-0.4747725373998583,0.723473275811087,0.48841009870059837,0.6978238681606626,0.989640045401067
2024-12-06,True,-0.491857691724753,0.6430383341785648,0.42975329518159255,0.6173593642230131,0.8932798405989988
2024-12-07,True,-0.4622292101020179,0.25227132642415195,0.16402146990745936,0.24119103759826152,0.3560710371871456
2024-12-08,True,-0.4836892218963785,1.1608380234688622,0.779381165487473,1.116841507206682,1.6003393282525487
2024-12-09,True,-0.4593180662559092,0.9479239124605232,0.6356616273713165,0.9053441560682893,1.3153927620320516
2024-12-10,True,-0.45312312700579827,0.7688889827318874,0.5159010331029315,0.7374667744607346,1.0611033336159132
2024-12-11,True,-0.4710013910737879,0.7502759149707761,0.5026026538482007,0.7167501339719056,1.0421603670233603
2024-12-12,True,-0.48925175924626363,0.7084113556175324,0.48247856549480567,0.6816428925458614,0.9650424697250595
2024-12-13,True,-0.505791241072386,0.6296936386770734,0.42248250828548095,0.6045139494926945,0.8609074077027878
2024-12-14,True,-0.476157746604998,0.24703363044225363,0.16160055093173975,0.23635023774960626,0.3455761241954418
2024-12-15,True,-0.4975769378699314,1.1371989849137059,0.7682902499066963,1.0958327312417666,1.5533157777157525
2024-12-16,True,-0.5168581613985361,0.8895893338994141,0.5971800989999619,0.8501243491400158,1.2349667670774531
2024-12-17,True,-0.5087024735338981,0.7229022065501541,0.48772093695693447,0.6945779335804387,0.9914927325734242
2024-12-18,True,-0.5267572332523072,0.7055606021828676,0.4722148762738274,0.6745688534289485,0.9804370594647183
2024-12-19,True,-0.46611944816031625,0.7198726868434085,0.49675307176255074,0.6946236533614938,0.975073726623181
2024-12-20,True,-0.4563198678799777,0.656515657813334,0.44857238796997834,0.6314437057546606,0.8905896209134087
2024-12-21,True,-0.3907735978059906,0.2668521624369814,0.17744233168862136,0.2568497030097641,0.3695913943412435
2024-12-22,True,-0.2929743305840565,1.3815406044407337,0.9617218724606615,1.3345927624262974,1.8638873818855872
2024-12-23,True,-0.2947533682828671,1.1003708608313445,0.7543558716511651,1.0550490918117896,1.5083785833851397
2024-12-24,True,-0.3119434743785783,0.8722271922395058,0.6043442958765992,0.8406940934669566,1.179331184013635
2024-12-25,True,-0.33063698147439713,0.8505295292461028,0.5821907671487778,0.8145559742823116,1.1648296700775653
2024-12-26,True,-0.30380570644496324,0.8398117212752982,0.5904068656189307,0.814263668948617,1.125226460316856
2024-12-27,True,-0.320068563460173,0.7470772732113087,0.5159950176911828,0.7198074486512475,1.0133363071225248
2024-12-28,True,-0.330269863059938,0.2814662572166757,0.1880892318791351,0.2715667457429093,0.38670462680792167
2024-12-29,True,-0.3522511638273721,1.2955082467555994,0.8964528405162042,1.252806601776495,1.7284664290834233
2024-12-30,True,-0.37259426409694696,1.0128032608751523,0.6938797011665848,0.9738749268899536,1.3736064158173111
2024-12-31,True,-0.36804316465587344,0.8200899281560102,0.5689044348618472,0.7874553002364627,1.10726270926343
2025-01-01,True,-0.38692069998418177,0.8610199059507703,0.5613235918887491,0.8241782077193427,1.2131849470769147
2025-01-02,True,-0.4051885581087151,0.8179076574986479,0.5249252601255906,0.7854030728814126,1.156492617597046
2025-01-03,True,-0.4229280076857591,0.7247356253803618,0.4653637405017978,0.6937666809769595,1.0307143167672792
2025-01-04,True,-0.4329663289627591,0.27303939305639713,0.17266831281855882,0.25734107529594163,0.39219791001465415
2025-01-05,True,-0.45476630770065507,1.259155030688392,0.8123244416559907,1.2006127908520283,1.7862011173655314
2025-01-06,False,-0.4548501464673293,1.0023251149862362,0.6469957784916018,0.9572267962861606,1.4207714616970155
2025-01-07,False,-0.4553723631461081,0.807324962415002,0.5202105864178099,0.7729739188110952,1.1323091280211486
2025-01-08,True,-0.4738513624969657,0.7855461559165023,0.5105857958286457,0.7482636357797161,1.1038021363196235
2025-01-09,True,-0.49217368509971543,0.7462731834298044,0.47688814388298306,0.7134544523608545,1.0572628847396253
2025-01-10,True,-0.48231459685495787,0.6789479470885305,0.4375255361065577,0.6527771594460605,0.9525824676630612
2025-01-11,True,-0.4920912684863757,0.2559632868965279,0.16266808726323587,0.2418575111334403,0.36687697396510177
2025-01-12,True,-0.4942298511907459,1.203387305185943,0.7786312590545204,1.151659846164327,1.7055194425792086
2025-01-13,True,-0.4923976168017605,0.9584554775895151,0.6269464509121481,0.9199376393815096,1.3507527806358868
2025-01-14,True,-0.5111308475203805,0.7582780376396088,0.49597552624962155,0.7292618411272488,1.0569393722165088
2025-01-15,True,-0.5300223339467605,0.7376452355762702,0.48566749710083845,0.7060898587044214,1.0288506384475111
2025-01-16,True,-0.5489102928245653,0.7004481856106228,0.45330813932292346,0.6736948419637372,0.9841611000093129
2025-01-17,True,-0.37788042968740665,0.7452287270797899,0.4950557083842485,0.7145390564055863,1.0247670950685164
2025-01-18,True,-0.31705822038099757,0.3013698708063008,0.1992183907538058,0.28604623791907857,0.42727432917090824
2025-01-19,True,-0.32339742690749385,1.4119612999525413,0.9439217318579461,1.3532492912499667,1.9537188334990578
2025-01-20,True,-0.28841266938880694,1.1620539886043597,0.777143848281646,1.1108813404151974,1.6149374044850817
2025-01-21,True,-0.30576374152604047,0.9197857748490424,0.6212338828023325,0.8878282850813503,1.262302399104999
2025-01-22,True,-0.2827525674988199,0.9327396543735437,0.6399530244117158,0.892146254777244,1.2917882677372738
2025-01-23,True,-0.259705265506186,0.9220248451102824,0.6271547050285945,0.892766023026234,1.2480543694864596
2025-01-24,True,-0.25566913403606784,0.8346050524306557,0.5730890353420204,0.8041156811076021,1.1454289189753784
2025-01-25,True,-0.2658932802981061,0.31450980330073564,0.21135261952885778,0.29957835156372525,0.438715659712315
2025-01-26,True,-0.1474215795694229,1.6636244740381554,1.1529568586449321,1.6047243426799198,2.257318679627831
2025-01-27,True,-0.1662575889512729,1.3006449464427137,0.8910964960440013,1.24583135822484,1.7696964270601605
2025-01-28,True,-0.1836755612627803,1.029904033805354,0.7083753930860645,0.995529824100292,1.3905543635646695
2025-01-29,True,-0.2006290709994371,1.0044458647296484,0.7015056687851857,0.9641141767844059,1.368719178920467
2025-01-30,True,-0.19897677764788235,0.9721155274062121,0.6684569180750269,0.9389932208835768,1.315204253350091
2025-01-31,True,-0.12044270767430475,0.9466354105416608,0.6604381829246038,0.911462321241135,1.2747569163062398
2025-02-01,True,-0.13325545535193442,0.5507092105000523,0.35805098642045347,0.5232886545074407,0.7780914493336626
2025-02-02,True,-0.06832388229241106,2.752917216780904,1.8809020727289438,2.662010204878492,3.736058002230287
2025-02-03,True,-0.07965341604365098,2.1676979329342405,1.4792561445302819,2.082025187652566,2.9654621214768158
2025-02-04,True,-0.021848072575438596,1.845560432004881,1.2940102664228292,1.7869337577546345,2.4569369634363354
2025-02-05,True,0.011020643299862276,1.8925391537103105,1.3245156829578426,1.8106535766793197,2.5595114202259577
2025-02-06,True,0.01349491154794771,1.8292085399982212,1.2897798288939841,1.7681615914137498,2.4352569318083934
2025-02-07,True,0.02745842031060628,1.6733785103350725,1.180107948429408,1.617996833200265,2.2423298396092615
2025-02-08,True,0.03413000682977965,0.6430871623977339,0.4329138493560132,0.6191784976620265,0.891672211695495
2025-02-09,True,0.09857650420895933,3.2150756944166554,2.291135784372981,3.100586128501411,4.260446290549182
2025-02-10,True,0.08898300473564719,2.538875455122753,1.7819796889725887,2.4450994412657594,3.409054094423428
2025-02-11,True,0.08180256875624234,2.0301327205230093,1.4484610484320233,1.9607469100705375,2.6851471939980915
2025-02-12,True,0.0658606592818971,1.9842531079592258,1.4175281107784519,1.9033651521888502,2.6537676354394466
2025-02-13,True,0.04980501546861653,1.883994551339231,1.339251404617209,1.826291667870474,2.5021387852315664
2025-02-14,True,0.043370702822430676,1.6891025167298934,1.1997349619494975,1.6274391201249194,2.2475405903874854
2025-02-15,True,0.03146863896212568,0.6373495662881768,0.4295154822867656,0.6129531566326222,0.8726206094470655
2025-02-16,True,0.018873523799384742,2.9564560274024654,2.096801442761467,2.8578751415103762,3.96005961393221
2025-02-17,True,0.009210788644531462,2.3318925885591977,1.6458989442728074,2.2472412124904912,3.1151148170984064
2025-02-18,True,0.01100998152110269,1.8810723398357438,1.343232083813004,1.8211239604897786,2.4840189506551074
2025-02-19,True,0.002577558555350314,1.8532456278613396,1.3197307128813491,1.786655884229953,2.477202303454351
2025-02-20,True,-0.016280482635859635,1.754484730251668,1.2501566167029579,1.6940146023171894,2.3402474745313406
2025-02-21,True,-0.03488968005848013,1.5542762157455925,1.10008234169647,1.5074050218443618,2.0670963250173178
2025-02-22,True,-0.025307784165102914,0.5986574526770294,0.407308046917744,0.5760399123730873,0.8196354911018066
2025-02-23,True,-0.015256099877045017,2.8403841673109786,2.0295157442013863,2.7470690167901957,3.76681932519314
2025-02-24,True,0.019026428323775726,2.339218385454024,1.6639338291424108,2.259591330277874,3.1202367827561464
2025-02-25,True,0.011182959017773692,1.8700784144322162,1.3429779712023096,1.8144408493299997,2.4667904706854293
2025-02-26,True,-0.008134580067102878,1.8226421939925537,1.3028849266627547,1.7548866024191054,2.426717641805305
2025-02-27,True,-0.005110006464147162,1.7631295236566182,1.263326212177555,1.7078975649104722,2.3325359829183854
2025-02-28,True,-0.023450797675552564,1.5623378850321124,1.1095629146982502,1.5148552751183466,2.074301690400289
2025-03-01,True,-0.034248308109638886,0.4853602528718598,0.3183349664740494,0.4662215263716968,0.6787421725882388
2025-03-02,True,0.0005582545582967578,2.3607277489123883,1.6166813755166876,2.2733923698449194,3.218916519502427
2025-03-03,True,0.013317808958690093,1.9008778349229845,1.3061175311230564,1.839751150093436,2.5654392605969747
2025-03-04,True,-0.004617900745796934,1.5071141572608513,1.040319880993592,1.4532257022748634,2.043265268982108
2025-03-05,True,-0.02264745604162781,1.4733348970486013,1.0007662699028512,1.4110920269141836,2.028379408715444
2025-03-06,True,-0.04050282749494144,1.3953553688232538,0.9532323159903593,1.3443128990326956,1.8973425055293638
2025-03-07,True,-0.05816001020648276,1.2365522862278868,0.8367802764286835,1.1941492872419708,1.690432806456446
2025-03-08,True,-0.06945953820467439,0.4655235816860208,0.3062309296976291,0.4475247683141556,0.644070264967362
2025-03-09,True,-0.021817454692796546,2.291830812679791,1.59593674447307,2.2062989454392206,3.0874921772648447
2025-03-10,True,-0.04128052249928334,1.7892864190643467,1.2302051719585017,1.7268195820894183,2.404591052643403
2025-03-11,True,-0.059977399272225326,1.4184022972323629,0.9781409687828863,1.3689855240950255,1.921716926240524
2025-03-12,True,-0.07864330650451908,1.3845937368450976,0.9410869178503541,1.3292210480477933,1.8905710459936196
2025-03-13,True,-0.0402755727457435,1.3851823715398566,0.9575873255216342,1.3396977624478497,1.860984090920343
2025-03-14,True,-0.057617113567107886,1.2286133983507355,0.8401497870209907,1.1892028200767042,1.6663513713348614
2025-03-15,True,-0.04365340288572429,0.4741054465032926,0.3172834057801887,0.45792821379115806,0.6527510091362112
2025-03-16,True,-0.035755067975348706,2.246097647608636,1.5692476221721747,2.1570090643350612,3.0218878915165304
2025-03-17,True,-0.03200060600090239,1.7938104517265447,1.2473812151157253,1.7345128026897196,2.4025980075872124
2025-03-18,True,-0.050333456062468675,1.4223979254823547,0.9872641144324182,1.3773739178057927,1.920554239084505
2025-03-19,True,-0.06933686942275025,1.3877248272529437,0.9554605584967695,1.336613561031644,1.8857241360335684
2025-03-20,True,-0.08857559299048622,1.3128175171465801,0.9016571359638991,1.2732698591629932,1.7717116087921914
2025-03-21,True,-0.09091065949276636,1.1818465498852393,0.8069206203158542,1.143590670492871,1.6046981649668044
2025-03-22,True,-0.10268159889305778,0.44455779662156547,0.29564389298668176,0.42862668304622903,0.6106192128125324
2025-03-23,True,-0.08138399241689229,2.132957715562519,1.495670411872307,2.0606080016936463,2.8509377624850503
2025-03-24,True,-0.017346426354299664,1.8063924160514933,1.2777316374691177,1.7483982257473136,2.4034057881210398
2025-03-25,True,-0.021968545760346115,1.452143548230159,1.023452038452571,1.4064238468558212,1.9353486771399726
2025-03-26,True,0.011845625877673144,1.4916033432308722,1.0560157034660729,1.4393767860279747,2.008497881412171
2025-03-27,True,0.019781423446750233,1.4500315445235525,1.0309768922459241,1.4087031322817427,1.9249019510223877
2025-03-28,True,0.0018127888177768118,1.2853737056304382,0.8976214280236295,1.2395362444550257,1.7234646410858765
2025-03-29,True,0.014102753127867412,0.4949748860566226,0.34098229736624824,0.47864760019753555,0.6718633268035489
2025-03-30,True,0.021290630480250514,2.3454580033038575,1.6774143709926306,2.265479798692762,3.1031774034738575
2025-03-31,True,0.024238010427382543,1.870989486948572,1.3350144113779343,1.8179971933698664,2.467350047343816
2025-04-01,True,0.015425286707750587,1.9180669821323257,1.2918425040659196,1.8539877499970892,2.619903804277206
2025-04-02,True,0.017862646026054432,1.9048467264817737,1.3063570611333835,1.8261829555370188,2.590986593889494
2025-04-03,True,0.03155088365470117,1.862169210854399,1.2875604147469306,1.7946628293034985,2.4941795721314426
2025-04-04,True,0.03642956892797666,1.6918316732285272,1.1500755956258284,1.6232742734972914,2.324196958183699
2025-04-05,True,0.04353319365017892,0.645293086345604,0.44354035207964543,0.6200933782218738,0.8779364669910148
2025-04-06,True,0.05994730071489847,3.0922587559279524,2.176940166150968,2.9690885342061706,4.165844145934598
2025-04-07,True,0.09983583821452424,2.558113173636249,1.799532642058147,2.452516979008186,3.4627645322774967
2025-04-08,True,0.07960485353562578,2.0275794536654095,1.4002406396295641,1.963936792052639,2.7350974482844963
2025-04-09,True,0.080146588681377,2.0095093119472116,1.4109464369999702,1.934995702337124,2.6945338475409826
2025-04-10,True,0.06075423762474487,1.9023757625809847,1.3381929716884402,1.8360110044896558,2.5311851797080216
2025-04-11,True,0.06450920777902162,1.7258624278497832,1.1938376869944842,1.6577402124975928,2.3464664953393446
2025-04-12,True,0.15199561326937236,0.7133134470573477,0.4975380534198862,0.6843751064240734,0.9626730515990013
2025-04-13,True,0.22081467954038578,3.5997616591274726,2.5742775192294514,3.4697704692118156,4.781162908190701
2025-04-14,True,0.3220577257071142,3.1655660579278635,2.2892891341194628,3.0630737701365454,4.1762168869361
2025-04-15,True,0.31231602586189156,2.536010577610371,1.797449600027484,2.447714703507806,3.4023822229369576
2025-04-16,True,0.30158757788520163,2.4867079714556795,1.789391463470421,2.397169171673708,3.27415571922378
2025-04-17,True,0.28240255156396143,2.3552987364215117,1.6906120548318013,2.273701661650041,3.124914864554627
2025-04-18,True,0.2632995948745859,2.0876780626517464,1.4654864912979866,2.0185491568923624,2.8043684291401183
2025-04-19,True,0.26771238495537597,0.7948190261173509,0.5644992168856497,0.7711642329451002,1.054500277411176
2025-04-20,True,0.24600462973207718,3.66882300947142,2.643641980892359,3.5522642482881537,4.848817728428077
2025-04-21,True,0.24046581006919274,2.9024767921832226,2.0983687210665796,2.802966340618366,3.815576057353828
2025-04-22,True,0.24675589106843598,2.362463758970488,1.6716175177445483,2.2846355754043293,3.1682546533834035
2025-04-23,True,0.22618677726573488,2.2948762377235146,1.6439097569832828,2.223315558913764,3.0419645381930605
2025-04-24,True,0.21552133126271156,2.1914228644057507,1.5702252961984715,2.119962940820069,2.901104343941373
2025-04-25,True,0.19559594161372312,1.940536760998608,1.3696304871767264,1.8733334768681853,2.6034407861981124
2025-04-26,True,0.1821665245801921,0.7259909146504668,0.5140051145522497,0.7003519086890103,0.9641694454723818
2025-04-27,True,0.21289017145273748,3.529174408216453,2.5449781758299648,3.429063715451059,4.655981272295781
2025-04-28,True,0.19144974879535306,2.7492876398062105,1.9781204768705947,2.665195162319469,3.619809776531607
2025-04-29,True,0.19987566747624058,2.24084736014445,1.5949333566635218,2.1675645855374825,2.9739671804860426
2025-04-30,True,0.2525153958712462,2.3398525249169966,1.6919282416200871,2.2634112255981154,3.0804777020517458
2025-05-01,True,0.23214301389565623,2.2603639627954353,1.5694188143658936,2.1741722519921334,3.0739041225034076
2025-05-02,True,0.22185077938515319,2.0132563582511738,1.4078726790747327,1.9439780669022895,2.6960598299542533
2025-05-03,True,0.24535078255409953,0.787222820412102,0.5310312636084756,0.7555635323905294,1.0819904666147482
2025-05-04,True,0.2785956792319079,3.8253924482717867,2.692512602600148,3.66746729197026,5.123410622841261
2025-05-05,True,0.3070230391911266,3.1236703002280928,2.2116663469880664,3.0098281721665394,4.167062509031712
2025-05-06,True,0.3114378905496812,2.53294139764739,1.7914518444052305,2.438925083888142,3.375482826628736
2025-05-07,True,0.3394746846546559,2.5859074140160727,1.824771606963868,2.495677563264376,3.4479591883438254
2025-05-08,True,0.33677076611326745,2.4886672002286314,1.7631688268379442,2.3933921609167608,3.3269743467942448
2025-05-09,True,0.370915638756438,2.3164503856888863,1.660712162281327,2.244698855771754,3.064479364957511
2025-05-10,True,0.3563317411762309,0.871832969338171,0.5978543053781796,0.8401908707370243,1.1865336814034964
2025-05-11,True,0.4042522678759767,4.299019037190018,3.079913914840143,4.148831501762384,5.685169892860486
2025-05-12,True,0.3906041350918643,3.371252971674786,2.4251130570588555,3.26004221416378,4.456880268817344
2025-05-13,True,0.39348153294671906,2.7300684530055235,1.9515902066711008,2.6422424138621796,3.600241966356214
2025-05-14,True,0.37347039835630724,2.657877094873653,1.8838660976998536,2.568406716395292,3.5037424225157308
2025-05-15,True,0.3615873962414493,2.534165492019085,1.8204805283458114,2.454167558042473,3.3695335339097388
2025-05-16,True,0.36003724170178636,2.277801308506879,1.6329679517298903,2.2103949875930313,3.0004140373653967
2025-05-17,True,0.34586649143266557,0.8572805972389528,0.5900615331487516,0.8311359311264358,1.1646656461540383
2025-05-18,True,0.3410517487312526,4.0146362128162725,2.88142900709766,3.8806384327981602,5.335412392659735
2025-05-19,True,0.3408852617582119,3.189658281728143,2.297509786620365,3.0971333234157923,4.217197617325068
2025-05-20,True,0.3203864724806619,2.5240129321587013,1.8087551740788104,2.448234319263425,3.3430518214649734
2025-05-21,True,0.31724459161966695,2.4984886609453953,1.7735424497272392,2.4149015038428865,3.329486481163881
2025-05-22,True,0.3402559873829729,2.4656700387709765,1.775505407383302,2.389639699583996,3.2603168185739815
2025-05-23,True,0.32971192484407885,2.1978614108087022,1.5812334617977992,2.137388512282176,2.89049338704865
2025-05-24,True,0.31571949471887506,0.8268695388653073,0.5714138460388691,0.8016098260099321,1.1151958292813229
2025-05-25,True,0.30492905772905976,3.8502390423785986,2.7780398934892525,3.724105894583479,5.0681892111025855
2025-05-26,True,0.2823268156852242,2.9927519689588262,2.1463259657250036,2.8987038609944538,3.9439872087935472
2025-05-27,True,0.2609009937184811,2.3658245932612134,1.6899578372656257,2.2894064981577613,3.1492203388320608
2025-05-28,True,0.2582873592479548,2.3426419335966484,1.6622457718558385,2.275462432755259,3.116384967867831
2025-05-29,True,0.26566362716661035,2.2759252674828843,1.6416547946025546,2.200809562730864,3.0041776728533636
2025-05-30,True,0.3353011574504188,2.1961289982645837,1.5848342990708921,2.135081983220158,2.873637727746265
2025-05-31,True,0.31973077279136264,0.8249471666262241,0.5755429191950858,0.7988092539767709,1.1076486865663022
2025-06-01,True,0.3043879972237368,3.3972004863526992,2.387468886737645,3.2818079803823985,4.573301352632134
2025-06-02,True,0.3400497003672193,2.8025201269128583,1.9429823452086061,2.7187941785632734,3.7538269800309023
2025-06-03,True,0.319255238105541,2.21612011103125,1.5293897601943274,2.1417167958820764,2.9694057829293565
2025-06-04,True,0.3087004597201828,2.1784026179425804,1.5107899899393054,2.0929748286803593,2.967232627529005
2025-06-05,True,0.2878800329297184,2.0592564883586544,1.427769620319237,1.978979614366184,2.7817213752483543
2025-06-06,True,0.267403982291426,1.8166057959625819,1.262688530727397,1.751974057357102,2.4438956392695723
2025-06-07,True,0.2527493580732443,0.6810003457442535,0.4606463906036349,0.658463958130095,0.9280759173469214
2025-06-08,True,0.22899640793786505,3.13393836425206,2.187229629664844,3.0180737511787803,4.223953444971406
2025-06-09,True,0.2258491908765945,2.488447091619435,1.711230194800201,2.4066209837534625,3.3457643227671694
2025-06-10,True,0.2149103442120469,1.9865996158470582,1.3763363624399854,1.925562107530809,2.680006044955037
2025-06-11,True,0.22752342032320877,1.9979321805928825,1.3881492628559917,1.915077912769201,2.724113778117889
2025-06-12,True,0.2059830879799962,1.886472765381277,1.3197374820905887,1.8132969172415527,2.544856883388402
2025-06-13,True,0.18433891907828293,1.6631437513949494,1.1526962061681083,1.610032791374418,2.2493261196061187
2025-06-14,True,0.17022557367019375,0.6236056465140596,0.42429435937513726,0.6044324587167964,0.8442343570183491
2025-06-15,True,0.15490629680274354,2.893489633010305,2.0161784493139043,2.797380245420013,3.8693994520411357
2025-06-16,True,0.1315785872975908,2.2528159385213584,1.5470985944628604,2.181085399899026,3.0481782690493184
2025-06-17,True,0.14710346676371128,1.8452038103797768,1.28096773027326,1.7915672060785934,2.4797897981714683
2025-06-18,True,0.1254839952436977,1.7951376266014973,1.2242985892427058,1.7303390357485429,2.4178741373778907
2025-06-19,True,0.11775846455105084,1.7171042717895115,1.1997772990668663,1.6569799397588134,2.308800787132759
2025-06-20,True,0.09770116852229374,1.5171960292191622,1.0537240117380753,1.4717568492652453,2.034274940600512
2025-06-21,True,0.08462718142451665,0.5695770172861456,0.39088519074673983,0.5520517898361074,0.7720802117305935
2025-06-22,True,0.07048351678525719,2.645999376605074,1.8550984510954978,2.557128934287053,3.531934242842095
2025-06-23,True,0.07129577255910466,2.1083209820660773,1.4666336709028585,2.053277757802094,2.8315757500983
2025-06-24,True,0.11348599884519885,1.7720352456742336,1.244714582691403,1.7175567436429244,2.3599704725341315
2025-06-25,True,0.12946153804907326,1.7893497495552704,1.2484085762232318,1.7255846432259223,2.393432273589313
2025-06-26,True,0.13331283347023642,1.7314827045011942,1.2248817938197634,1.6753371299847024,2.3074494319309835
2025-06-27,True,0.15349309897867197,1.591816421498533,1.125430031210615,1.5463305943291603,2.1100468121772002
2025-06-28,True,0.251842501155186,0.667083918439421,0.4642214458147285,0.646173210519634,0.8870352212298424
2025-06-29,True,0.24389258194624225,3.1214855344677117,2.2284567857019195,3.0199168281418576,4.1005354587071
2025-06-30,True,0.22196825676682974,2.4318098787141498,1.7144362438538256,2.3635840179863195,3.2361384972343146
2025-07-01,True,0.22041845840257884,2.293367556013192,1.5556527891531042,2.2080168781650458,3.1185195534417596
2025-07-02,True,0.20848538872043915,2.2523580633667004,1.5352071367286573,2.1622078949283106,3.06195465990861
2025-07-03,True,0.18638974900654653,2.122373464747656,1.4514742231396454,2.0455909786904374,2.902852020995625
2025-07-04,True,0.16473812988903447,1.8711679304276423,1.284299981958079,1.8004472652477905,2.5527835289415948
2025-07-05,True,0.1491170810458819,0.7017911300168457,0.4666283917330671,0.6749215169678704,0.9621681156722479
2025-07-06,True,0.12376036019440938,3.2298299147823544,2.1883131387455963,3.0908907246399977,4.447513390260626
2025-07-07,True,0.1932589227192742,2.7392224519910604,1.922986836794829,2.641551176934036,3.703459243726255
2025-07-08,True,0.19236074376225487,2.213179770982685,1.5302979832678056,2.1287358965877767,2.990917930585505
2025-07-09,True,0.2116163196004171,2.2405067285856486,1.5587017169929556,2.146353385482276,3.025606394800775
2025-07-10,True,0.1898233757885938,2.113607584622304,1.4656324103569585,2.034235043031992,2.860071085572289
2025-07-11,True,0.16821893100255492,1.86346117696558,1.2994261807314749,1.7962414789204388,2.5022287010839994
2025-07-12,True,0.15337723409645374,0.6993736200209236,0.47348987912778373,0.6746319523693866,0.9551417365460958
2025-07-13,True,0.12941192556784387,3.2223654480822805,2.2248058531507344,3.0999655351005413,4.381248814884353
2025-07-14,True,0.10678735592523461,2.4977200499396184,1.7436443062007805,2.4228493990684803,3.337129793247198
2025-07-15,True,0.08415707204806969,1.9753566055631684,1.3694254575139657,1.9069543137717921,2.6776532512944238
2025-07-16,True,0.06197203411490117,1.9201239230228087,1.3231904795275842,1.8482653986560704,2.593218103190412
2025-07-17,True,0.03965518370189309,1.8098532205893632,1.2478632498427076,1.7452612526005786,2.447241790544942
2025-07-18,True,0.3550572760616362,2.2198987444140865,1.615375462034874,2.155981790178478,2.919427845416899
2025-07-19,True,0.39205223031673553,0.8785067492769338,0.6182756853822026,0.8460532647364881,1.1847843307587658
2025-07-20,True,0.3918645640120867,4.1490131141806375,2.9306099296611703,3.994901654921068,5.558074770434528
2025-07-21,True,0.37798520752527,3.2439473297905503,2.3528936376949643,3.1402591784117,4.262661505500957
2025-07-22,True,0.35739090138582463,2.570796691880974,1.8284648132472583,2.4899025755964734,3.4006991631047887
2025-07-23,True,0.33724608388495503,2.5030709312219463,1.7784809822306547,2.411911996903689,3.364735750948031
2025-07-24,True,0.3341883529542683,2.404793246140374,1.71351940153613,2.3336294795257158,3.1780494823307253
2025-07-25,True,0.3334466847711325,2.1612345945531373,1.5738000702984671,2.097140429614785,2.840814595685794
2025-07-26,True,0.3181335134383367,0.8114674429486319,0.5705010351173726,0.7844218044465133,1.0807070883063046
2025-07-27,True,0.3790205993749778,4.069127981157342,2.9014533765253185,3.9374609321728364,5.388074058745001
2025-07-28,True,0.35719883579118517,3.159464243775968,2.2833595624272487,3.059344264809389,4.145150920487887
2025-07-29,True,0.3450248459691207,2.523726640153569,1.796266808696005,2.4475585517646166,3.319767889896246
2025-07-30,True,0.3332465057430255,2.477010397890952,1.7676474803631785,2.385623989024651,3.287469240434091
2025-07-31,True,0.3121756378790572,2.338543252807961,1.6744418791465336,2.2706399052638573,3.0774203412983527
2025-08-01,True,0.2929321557493943,1.6772151378159084,1.140705516219761,1.6175124183428098,2.3007500201121345
2025-08-02,True,0.2791691683796219,0.6265403074623996,0.42948649974307335,0.6060454328019199,0.8492773553654461
2025-08-03,True,0.2726642276852978,2.946787984756953,2.012088503874346,2.8444882991135483,4.010406765498321
2025-08-04,True,0.26087482588718613,2.323908719693393,1.5472687664137061,2.242504077580443,3.196253256516275
2025-08-05,True,0.2403505179360076,1.8313010098943328,1.2506540185478157,1.7708785970633678,2.501584555933933
2025-08-06,True,0.2193256303459183,1.7832535661354962,1.2010296778397271,1.7154009236378531,2.457462250925736
2025-08-07,True,0.19879729997419016,1.686862182681882,1.1306918827745986,1.628257141201885,2.31719148268375
2025-08-08,True,0.20659512676579384,1.5302596847386407,1.0423462651891235,1.4760298828178842,2.086868698322805
2025-08-09,True,0.19302044421550324,0.5717300426301644,0.3908326600408421,0.5504425516123252,0.7784604655844863
2025-08-10,True,0.20644713920784644,2.7405507843296553,1.8931372414952177,2.6325929058546955,3.7122937358622528
2025-08-11,True,0.2161621195241178,2.2065052871663635,1.488629002825328,2.135808561116412,3.0199552958674296
2025-08-12,True,0.20802041671984367,1.7608316675541569,1.2126101307365194,1.7023484523950816,2.3895763742492306
2025-08-13,True,0.1991921112602679,1.735417553245565,1.1909734961110723,1.6757146590326615,2.3628558146172716
2025-08-14,True,0.17896415329626836,1.6412080838074596,1.1199778420830357,1.5879044184380469,2.226147566197422
2025-08-15,True,0.21410727940545476,1.5292660808167111,1.0604912031421876,1.477294314757652,2.072288963925406
2025-08-16,True,0.20103828679106153,0.572154161734488,0.3954684204722152,0.5532099943207346,0.7748124527953791
2025-08-17,True,0.2551329693452489,2.85123517048,2.0113891196801457,2.7481534491411255,3.8015789387132317
2025-08-18,True,0.28137687095275565,2.3321948357542834,1.6158030469381301,2.265274562316596,3.1388222192736324
2025-08-19,True,0.30490449838835143,1.921696728151542,1.363748292391432,1.8615191343204076,2.5603434592543857
2025-08-20,True,0.3176050935358444,1.9338705363022672,1.3645354494288886,1.8638677054558683,2.5886424557444596
2025-08-21,True,0.3089952085322337,1.850132050236237,1.3073632062915765,1.794206887034957,2.4764593741534666
2025-08-22,True,0.2896746646096332,1.635696426789293,1.1554192706169788,1.5822173402048758,2.1784061118997986
2025-08-23,True,0.3611727940870003,0.6656834584927762,0.4732925868514687,0.6449358873734317,0.8825048925740678
2025-08-24,True,0.36097838452584285,3.1476297326934506,2.245664177492338,3.043630218064836,4.198704875471472
2025-08-25,True,0.36546961349277446,2.518845715301036,1.7675912403046088,2.4505287342169026,3.3723103051943455
2025-08-26,True,0.34546954735825364,1.9900447558838068,1.4142211554383028,1.9380645197501052,2.64561386924363
2025-08-27,True,0.3360754491073782,1.9590225376874368,1.3898795696685793,1.8901300923491902,2.623400846454708
2025-08-28,True,0.31552496310112915,1.851910392531156,1.3164167254998163,1.7895423604544711,2.487786027422612
2025-08-29,True,0.29544850515979626,1.6363620313311318,1.1640515812274366,1.5784491767258848,2.1835622304262845
2025-08-30,True,0.2816554388565582,0.6122044982037249,0.4352577091061618,0.5892284468217179,0.8207405673307122
2025-08-31,True,0.31429075899797887,2.987016084101221,2.1437727168434964,2.884146934580703,3.9682729642131003
2025-09-01,True,0.2925569126137877,2.312056995910095,1.586698182483808,2.2180955784206913,3.160251083457424
2025-09-02,True,0.28407965436996796,1.8551318800744425,1.2438295431876534,1.7877707933066613,2.543618187356918
2025-09-03,True,0.30974042170389837,1.8856003934600662,1.2856837189913226,1.8044665381842686,2.602997328086467
2025-09-04,True,0.2890277157216988,1.7866859329312819,1.199886224724011,1.7024597450109447,2.4843556511777765
2025-09-05,True,0.2946520632267665,1.614611938167926,1.0893513454773762,1.5679918998639237,2.197434475171453
2025-09-06,True,0.28091130721659086,0.60642050184911,0.39975955220345233,0.5837750329038713,0.8323175691022936
2025-09-07,True,0.2911289229982263,2.884335804273728,1.9911389185698596,2.774234494718982,3.9290021724384543
2025-09-08,True,0.2890902007487836,2.2866254334162965,1.5835818824835965,2.1984047903269985,3.1004630791013352
2025-09-09,True,0.3033944397764037,1.8753042012932206,1.2791204475760576,1.8070631858998838,2.5663580830032426
2025-09-10,True,0.29532593333181184,1.845074011193041,1.268012169889156,1.7725026482418613,2.5260023268684817
2025-09-11,True,0.35569652823631737,1.8909635474667654,1.3049975609651854,1.815118357150997,2.5854241264206097
2025-09-12,True,0.33596696219023015,1.6687780647477708,1.1468309727401373,1.6154636952234949,2.247114168034211
2025-09-13,True,0.32301395247689957,0.6271303351552484,0.42289144824801866,0.6048571716386774,0.8503424845306743
2025-09-14,True,0.30071543278596935,2.891084363039152,2.0037359105086843,2.7882019492204013,3.8959787200382885
2025-09-15,True,0.27942207519633266,2.2486715747504995,1.5776037495217203,2.159165057717038,3.030205955084571
2025-09-16,True,0.25837709192728964,1.7813061672995771,1.2226463362737428,1.720778934503218,2.414327843299274
2025-09-17,True,0.29772333223248554,1.8352970841025296,1.2805269403489516,1.7617691094449557,2.4708269674968886
2025-09-18,True,0.4109759471930496,1.9812676857709515,1.3944949726175895,1.905782293484053,2.669319800757857
2025-09-19,True,0.40278657545709406,1.7705437274212599,1.240031015470893,1.7174751505337604,2.3802139116024184
2025-09-20,True,0.3892376926331461,0.6647088024123876,0.4574278422678631,0.6412488162518902,0.8993939294012295
2025-09-21,True,0.3813064116404984,3.10971069964733,2.1858298649055974,3.0041867643576716,4.163130957010958
2025-09-22,True,0.3597504320498133,2.4186867959436507,1.7164679214292642,2.3315132758577075,3.221830074595741
2025-09-23,True,0.3711243877033864,1.9765997076173152,1.3800981373526615,1.915253012903891,2.649680013146353
2025-09-24,True,0.38334485004880037,1.9835490347127671,1.402016212166708,1.9178305274321596,2.640446521085312
2025-09-25,True,0.3630890332765868,1.8778515380106455,1.311202688539853,1.8137561666143844,2.517220104399468
2025-09-26,True,0.41259958978591305,1.7758001984628289,1.2583392578620114,1.7226899335969266,2.3713942602367637
2025-09-27,True,0.398825670583141,0.6667014423843873,0.4630268673290883,0.6470834635019859,0.8915342001622913
2025-09-28,True,0.4059402130865465,3.1668670907365843,2.247334462054909,3.0596164291648034,4.238416747692476
2025-09-29,True,0.38506033341851587,2.4645853624222696,1.7552794306314183,2.3851919420424808,3.277574963673879
2025-09-30,True,0.3859140939126211,1.9930209228783198,1.4122227450269056,1.932471590772221,2.6467816510856634
2025-10-01,True,0.36462764620404975,2.154399783162553,1.4348650957328035,2.0549438805108657,2.9815277953493995
2025-10-02,True,0.37458484163150363,2.096601412985783,1.420255204726495,2.007464919601093,2.8889781836342516
2025-10-03,True,0.3547480078681412,1.8646797226833591,1.2207403548692612,1.7666973039923568,2.6392948704443713
2025-10-04,True,0.3410584993467497,0.6977490705930909,0.45250988579105506,0.6673619856632969,0.97095930788053
2025-10-05,True,0.3182844401055963,3.2087278427809034,2.1407670444872164,3.0682190478848828,4.42516411137259
2025-10-06,True,0.3155435892380487,2.541861344673914,1.729372480177973,2.4268843692982798,3.491490033637607
2025-10-07,False,0.31515948021226386,2.059757340624406,1.3572325270879861,1.9558497335760872,2.8856588408076425
2025-10-08,False,0.3147216864884662,2.039323079750355,1.36662839286254,1.9422297960286286,2.830230616137827
2025-10-09,False,0.3144967775227548,1.9670822934277217,1.3221390538436526,1.8792715472773578,2.721793550890095
2025-10-10,True,0.29307816384279806,1.7463458532441356,1.1344528027110266,1.6499451199219763,2.482032859452958
2025-10-11,True,0.34760164386703896,0.6980779782412505,0.4570139556561521,0.6679657901611165,0.9661056787287176
2025-10-12,True,0.34601888329872965,3.278455693335837,2.203418551429918,3.144457866458852,4.548583911331355
2025-10-13,True,0.34134698395119384,2.5925854726036883,1.7650011716733272,2.475923573755888,3.5667919530327574
2025-10-14,True,0.3418632495607282,2.0999310533274467,1.4016128391796863,1.9961736588111052,2.932320943351872
2025-10-15,True,0.33140749204617614,2.0584311897041654,1.3854859016845955,1.9763772594514735,2.85104024094661
2025-10-16,True,0.3440840534857886,2.0078203453023424,1.3703429418642465,1.9281479449543037,2.7481912081773436
2025-10-17,True,0.33513647570407307,1.8030156161463293,1.1946000013772666,1.7174436102247201,2.5119469736455624
2025-10-18,True,0.32040538675676045,0.6741875827279746,0.44583691408647397,0.6457151730965048,0.935393264983507
2025-10-19,True,0.3125405068883631,3.1481022030987047,2.1313077728047043,3.0255016365925784,4.316545055512895
2025-10-20,True,0.3095471066742997,2.4935766597538747,1.7035708693425995,2.394500171682173,3.4120018864976682
2025-10-21,True,0.2870029553721881,1.9746323036684124,1.32638214528626,1.8882927372952587,2.725904707016051
2025-10-22,True,0.26349863834035947,1.911262879813551,1.2950185408325183,1.8323994425278436,2.6354731150586312
2025-10-23,True,0.2539399308349612,1.824908975063319,1.2484987770344198,1.7492683818922143,2.4944400715480346
2025-10-24,True,0.26039929293740016,1.6624796249081526,1.115120122064029,1.5864623229550308,2.3056638074812223
2025-10-25,True,0.24490831815758896,0.6217226946995354,0.40756190321799346,0.5962492491215136,0.8657041970307181
2025-10-26,True,0.24708178819918056,2.929415382225145,2.000428831392996,2.811288845982811,3.972141645205536
2025-10-27,True,0.23382392860141604,2.299114193072058,1.5887355890855706,2.2014155992609385,3.139418432742597
2025-10-28,True,0.24923389340787747,1.886791727217311,1.2856763976136258,1.8071311469607274,2.5911743592375807
2025-10-29,True,0.263828640079621,1.8960846125699127,1.3087187795557373,1.825970811307584,2.5725951115177215
2025-10-30,True,0.25448182152530874,1.8117952078942772,1.2621866967454587,1.7474901969910703,2.454598692802829
2025-10-31,True,0.23379228025033044,1.6071162721860022,1.087829644372621,1.5310910989797069,2.2293182899733277
2025-11-01,True,0.3080300246962823,0.43652309393744887,0.29383098975392064,0.4187583151322131,0.600425177453571
2025-11-02,True,0.3630675626713275,2.1801239758397672,1.480732298174028,2.098235869398113,2.98211695614442
2025-11-03,True,0.3548664316803783,1.7226331929625769,1.159925787261504,1.649407506604466,2.3798446469878765
2025-11-04,True,0.37889759086939856,1.4199017878491813,0.975337114831983,1.358347645195472,1.9358034332528187
2025-11-05,True,0.3596593913710423,1.3854584819376354,0.9376935948962768,1.3233793756655592,1.9047352599795309
2025-11-06,True,0.3554664404606873,1.3265509772328024,0.9192924848506674,1.2834045100413982,1.7975098899502948
2025-11-07,False,0.3558104397702419,1.198019939290829,0.8234154346805712,1.1543652243064975,1.6336981491690281
2025-11-08,False,0.35598327340380204,0.4547379039468886,0.3104301771727662,0.438751774494947,0.62041949008259
2025-11-09,False,0.356423625983702,2.154388769074948,1.4626027537211164,2.0709789784814805,2.9510376791877153
2025-11-10,False,0.3573556506713066,1.7191129386328425,1.1485935924803319,1.6466718630246502,2.384398534698029
2025-11-11,True,0.3521818898108324,1.376611163697382,0.942214476003911,1.3239440982005257,1.8808413309590641
2025-11-12,True,0.3473319456491698,1.3626514230847913,0.9224651425868684,1.301539197484155,1.8790199453494862
2025-11-13,True,0.3269749345469474,1.2843465258650952,0.8836521235922423,1.2366095739801655,1.753380874922806
2025-11-14,True,0.30744232315375436,1.1363913636027019,0.7765897952559423,1.099526138415402,1.5585245504323657
2025-11-15,True,0.29465068592146826,0.425898590478451,0.28844046292359377,0.410151511830399,0.5834294185790622
2025-11-16,True,0.29569802341130247,2.0160873736769114,1.376264115857427,1.92863596043915,2.75676324130473
2025-11-17,True,0.27318795553387,1.571453657413948,1.0548810275289346,1.506444498783098,2.1706570632683224
2025-11-18,True,0.2519572940555379,1.238769216655728,0.8426364333244458,1.1937808387635314,1.6939160607181023
2025-11-19,True,0.24908869707269843,1.2283871482821096,0.8274460013878666,1.170748585119171,1.6952662766254463
2025-11-20,True,0.22788472201051943,1.1575228190039941,0.7911418800092758,1.1192837581060495,1.57727455241942
2025-11-21,True,0.22780137328386632,1.0435878746758718,0.7157114812671528,1.0096117537627878,1.414623960613528
2025-11-22,True,0.21614541104487042,0.39152442468189785,0.2653560581179074,0.37689152080009586,0.5346143360861032
2025-11-23,True,0.19165946744101459,1.807339395085158,1.2348070143422085,1.7431928059335808,2.465892738469044
2025-11-24,True,0.16857140086168565,1.4084593931929241,0.941853442649334,1.3529044618440167,1.9378034554151977
2025-11-25,True,0.1473483411029713,1.1100271702902482,0.760199901085441,1.0696428294013618,1.5148906719165744
2025-11-26,True,0.127204645279538,1.0810062177265984,0.735134341360395,1.0344505918708475,1.481685171108613
2025-11-27,True,0.22405741896589787,1.1437853814981558,0.7977675997648895,1.1045271702759936,1.5284161595164685
2025-11-28,True,0.24336780524865087,1.05199598201668,0.7307947894537,1.018121485943853,1.4176801318313477
2025-11-29,True,0.2312760457764238,0.3947095122741281,0.2705943453041888,0.38026053338692006,0.5356129997764362
2025-11-30,True,0.2213275068200355,1.8473907703874517,1.2704854985976646,1.7840925787360793,2.4939944532527196
2025-12-01,True,0.19948467866914396,1.4112673885127338,0.9199826488922078,1.3353632380510072,1.9960908201277303
2025-12-02,True,0.2165301407900791,1.1551813356227878,0.7594303068932432,1.107423980701667,1.621734197307295
2025-12-03,True,0.25065046847481964,1.1850503182548588,0.786261056828369,1.1263090778749119,1.6624346504206855
2025-12-04,True,0.24954319859360233,1.1358353505294707,0.7786678874201126,1.0945474457274038,1.5474696183871286
2025-12-05,True,0.2309533746868464,1.0081719743126878,0.6758989101057075,0.967469394302298,1.3938938076732317
2025-12-06,True,0.21945490703823262,0.37936491802771277,0.24957156441221987,0.3634954187399776,0.5279223603662621
2025-12-07,True,0.19679643557321708,1.7457259331108959,1.1807133104466128,1.6790571911362488,2.409572744938821
2025-12-08,True,0.19215550893649896,1.3882742013645415,0.9207420700334186,1.319613258258704,1.94668704953334
2025-12-09,True,0.20948904657389195,1.1370962149091222,0.7595496396293812,1.089887705416082,1.5781560568447486
2025-12-10,True,0.19069183650899096,1.1082797626305783,0.7409335138546764,1.0578983181330965,1.5366938170441211
2025-12-11,True,0.1722021648984493,1.0448490205692218,0.7206001058292453,1.0046454265240998,1.4187065620835793
2025-12-12,True,0.19425921236376176,0.9645365359308642,0.6583959333146872,0.9290970352102508,1.322190963378655
2025-12-13,True,0.18298234376742645,0.36321446271717117,0.24054834718156903,0.35035946812939106,0.5032697187958399
2025-12-14,True,0.1610963486484121,1.6730135642191422,1.1455595724677108,1.6089067814177593,2.284785092489985
2025-12-15,True,0.13996973650121933,1.308764393136462,0.878518221513646,1.2483629844393387,1.8242347782123367
2025-12-16,True,0.12035447412212241,1.0345700042953359,0.6857345033609724,0.9994389059631855,1.4257992306120115
2025-12-17,True,0.12076432413418593,1.0267133956925203,0.6929414784871418,0.9808899078529375,1.4082670038425789
2025-12-18,True,0.10164639750073864,0.9681044552445588,0.66938610904605,0.9355267547803792,1.306681247717416
2025-12-19,True,0.08300821318388275,0.8587102880225224,0.583988313806664,0.8264711112876851,1.1718408475260773
2025-12-20,True,0.07242890702556076,0.3235717332454867,0.21501684938931606,0.31293187940941164,0.4474007951361615
2025-12-21,True,0.08115457180600082,1.5358719539274441,1.045073096307968,1.47867275326092,2.0891092300398015
2025-12-22,True,0.07861727079862807,1.2233043048069474,0.8244849149948166,1.1747840375172889,1.6969551111218628
2025-12-23,True,0.11993541355349678,1.0253059337067212,0.7010407854722528,0.9923567416142581,1.3989713622461573
2025-12-24,True,0.19448292216770685,1.0946362043025022,0.7591591601858517,1.0525967481052878,1.48546589459494
2025-12-25,True,0.17630249238965887,1.0338696242950705,0.7315107107068923,1.0008534765426786,1.3745227924207186
2025-12-26,True,0.15881565578247323,0.917733339695,0.6393458578902232,0.8862368031659137,1.2323631294142086
2025-12-27,True,0.14787456650308398,0.345774443383124,0.23262478073101178,0.3353013502237334,0.47107018119411836
2025-12-28,True,0.1262646853811617,1.5938248754923547,1.1104020176986669,1.541438533886651,2.148150812604535
2025-12-29,True,0.10566143686513785,1.24627009775948,0.8554290078134184,1.199164690948442,1.6960806063542355
2025-12-30,True,0.08672423572645849,0.9857017527223686,0.6744179371738421,0.9542910276151235,1.3328204610558143
2025-12-31,True,0.06737203918753601,0.9591531777664682,0.6585682769250133,0.9234077436853798,1.296969452692996
2026-01-01,True,0.04796658178474274,0.9797884045918649,0.6357908287964457,0.9434939233224378,1.368385908959536
2026-01-02,True,0.029802255400707175,0.8677607497604005,0.5637985061522409,0.8335556441517691,1.2217955745376614
2026-01-03,True,0.018499882009994258,0.3268154822697963,0.20717815312195248,0.30982870246027744,0.4672646468498321
2026-01-04,True,-0.003958170782613195,1.5079970936448361,0.9662127117870957,1.4378770046095646,2.146986267388089
2026-01-05,True,-0.02508909395987146,1.176097216495235,0.7474186183269192,1.1209612685014356,1.6709697885207553
2026-01-06,True,-0.043294845098597184,0.9296682544650067,0.5942471671473981,0.8918599209197547,1.3081375460042854
2026-01-07,True,-0.06245186672327706,0.9019519676872432,0.5994397088938059,0.8630093698226458,1.2694406384673775
2026-01-08,True,-0.08170859362577124,0.8570727554889508,0.5551748182573384,0.8243086763247185,1.209327261532349
2026-01-09,True,-0.09974445241383062,0.7585152057368353,0.49342977625657286,0.7198620304426026,1.0701481790643275
2026-01-10,True,-0.10996388484406523,0.2859247362256248,0.1822867018715573,0.2703528249582796,0.40942422365655723
2026-01-11,True,-0.13244353743696838,1.3199195304877192,0.8489483074839986,1.2552412637218828,1.8748112762943197
2026-01-12,True,-0.131890948333197,1.0513980948211357,0.6735250055454078,0.9981294839796295,1.499850473674263
2026-01-13,True,-0.15119171514266022,0.8303108398365606,0.532287589571021,0.7949854909089589,1.1669683854592243
2026-01-14,True,-0.1683637457296807,0.8070506804323998,0.5333637635609573,0.7690874600417115,1.1265262213261447
2026-01-15,True,-0.18662315922865885,0.7674564746466415,0.49637855195003955,0.7341623835257864,1.0816667897956114
2026-01-16,True,-0.2034817570416434,0.6800379905147294,0.446017192612813,0.6470128071608868,0.9627641645674181
2026-01-17,True,-0.21308010020637774,0.2565149867995186,0.1628002501144876,0.2430926641124342,0.3684939961092289
2026-01-18,True,-0.12492443769387396,1.3159954842807433,0.8661323138040585,1.2583632038685724,1.847559595057611
2026-01-19,True,-0.14514838504438707,1.0283212538762898,0.6709898270337571,0.980285858455996,1.452170182901253
2026-01-20,True,-0.1172945285899627,0.849942659027116,0.5618384868077171,0.8143780156800736,1.178427915312375
2026-01-21,True,-0.13597356677778805,0.8257581054669245,0.5578619315052433,0.7908473828051126,1.1401012597813094
2026-01-22,True,-0.12966911986855645,0.8042187862286354,0.5344893994395006,0.7720089951796547,1.1187782788341252
2026-01-23,True,-0.14655249717195118,0.7128474539934395,0.4765616447731824,0.6820548050061142,0.9930563614068032
2026-01-24,True,-0.15656369504560674,0.2688199218384666,0.17527496973212908,0.25637966294058323,0.37955250191165135
2026-01-25,True,-0.16025185564841204,1.26193454205997,0.839770698888876,1.205880239108104,1.7628435477180813
2026-01-26,True,-0.1801235928396287,0.9866166995466937,0.6485930773272218,0.9393403691206139,1.3858693460437883
2026-01-27,True,-0.17342268091153268,0.7988910182379374,0.530322715686623,0.765425789502327,1.1078976918366104
2026-01-28,True,-0.191750136362829,0.7765630584003099,0.5288094719472849,0.7432817351159976,1.0689384194497122
2026-01-29,True,-0.11315493532725421,0.810982770500838,0.5463264681146272,0.7790459832901677,1.1154863923450373
2026-01-30,True,-0.1055350695745656,0.7366381713738608,0.4968425522478177,0.7086393402168837,1.0083173011273958
2026-01-31,True,-0.11530303056441155,0.277847168010072,0.18396137439077198,0.26639338341651003,0.38914158756615985
2026-02-01,True,-0.08798993980408595,2.0697918327760627,1.3660410282667599,1.9862738107624105,2.8708927415824537
2026-02-02,True,-0.09588233738672054,1.634099353486038,1.0761480169036608,1.5647921667512232,2.280858529257972
2026-02-03,True,-0.10031029686681742,1.3102407389905841,0.8751610255235843,1.2557397884183377,1.807582428680303
2026-02-04,True,-0.12172553920965709,1.2721161616140302,0.8511306224531824,1.218612195948715,1.7529858683485968
2026-02-05,True,-0.1432281745343235,1.2016889446075187,0.8056435825166587,1.152447680101505,1.6522990549682912
2026-02-06,True,-0.16368301863222323,1.0628415641639413,0.7055363816116994,1.0217052233950523,1.4784354189977107
2026-02-07,True,-0.17632545243203096,0.40061559817978326,0.25578555184429663,0.3828405415096689,0.5678802288216371
2026-02-08,True,-0.18699940179349722,1.863443391607924,1.241112128692542,1.7914108368333952,2.5743547342510467
2026-02-09,True,-0.20883940009740232,1.4520206828593976,0.9563127876591075,1.3910758472744897,2.037524667053271
2026-02-10,True,-0.1746891314425116,1.2083815269864444,0.8115646778430836,1.16214678674017,1.6710745896774999
2026-02-11,True,-0.19503963176974143,1.174991201022043,0.7929293086113073,1.1306861607824963,1.6240628531245611
2026-02-12,True,-0.21615796041857854,1.110607833211526,0.7460361048997284,1.0693425919399422,1.527268748257964
2026-02-13,True,-0.2154909512864081,1.0026083504195844,0.6711230962217516,0.9623884308066031,1.3910005771207221
2026-02-14,True,-0.2277282313682615,0.37800763614401917,0.24351395874729112,0.3616570182979412,0.5342478657968821
2026-02-15,True,-0.2091394525581006,1.80903742436535,1.2182792195953382,1.7391240398084358,2.485130614592048
2026-02-16,True,-0.23122926761114765,1.4098267235020354,0.9380385973728458,1.3524473786924573,1.9547311766109998
2026-02-17,True,-0.21381277653168784,1.1542977392018945,0.7833382983989979,1.1104915690228367,1.588103194042973
2026-02-18,True,-0.21590708530273403,1.1427059952190266,0.7807920067695105,1.0988171518157863,1.5559250732810408
2026-02-19,True,-0.19856743106560948,1.1213289111248879,0.7687272463058548,1.0804259918896286,1.5217412331994968
2026-02-20,True,-0.21794210006223946,0.9925819401063048,0.674748685336663,0.9574171941340265,1.3634316347628275
2026-02-21,True,-0.16719940080502385,0.39785491015335184,0.26233303875430714,0.3822329854862723,0.5534973724640373
2026-02-22,True,-0.19082292871997875,1.829076204681153,1.248620950025674,1.7580092552736906,2.505172770100574
2026-02-23,True,-0.2135092814429477,1.4239688760377864,0.9653516734628075,1.3681841912707422,1.9551561617900068
2026-02-24,True,-0.23341620501207794,1.1247654200659079,0.7682828787070226,1.0822359825734604,1.5398914675390891
2026-02-25,True,-0.2529912026285388,1.0942264108032187,0.7506487454161498,1.0510121091611428,1.4948723039443086
2026-02-26,True,-0.2538899015997028,1.054470887381316,0.7261547178468014,1.016682758993001,1.4269146872261453
2026-02-27,True,-0.1923251579363578,1.0102655392502988,0.6999071286157151,0.976353661764108,1.3671049608645431
2026-02-28,True,-0.14220602988185177,0.4046998056662813,0.27166621423441983,0.38961538472335244,0.556966020669383
2026-03-01,True,-0.07777195890066115,1.6688548019156926,1.1334591418306,1.5972050015243087,2.292704917077494
2026-03-02,True,-0.09829920174197387,1.3007610600123651,0.8732270474185646,1.2524279935190301,1.7792724646637248
2026-03-03,True,-0.11666444774448587,1.0310945232068511,0.6903145169727719,0.9875626920973238,1.427213679130205
2026-03-04,True,-0.1357000891321856,1.0055644366111582,0.6715592845375201,0.9602466973393852,1.389888280230598
2026-03-05,True,-0.021859652140142058,1.0831958252338536,0.7400246765001618,1.0442914145694924,1.4743083981750564
2026-03-06,True,-0.039084252593575466,0.9601868153217394,0.652952686136785,0.9262979386420971,1.3107662007791319
2026-03-07,True,-0.05011005151397802,0.36155411648208635,0.24104809262459992,0.34718842087972773,0.4965690951542279
2026-03-08,True,-0.05792746738921728,1.6895053003810276,1.1577107305283092,1.6269017063145317,2.300210048208759
2026-03-09,True,-0.0786069836631878,1.3175973784372215,0.8960013754392973,1.271340740401873,1.797551154122988
2026-03-10,True,-0.09752206958946207,1.0433512949386818,0.7102978807576418,1.0052323577251197,1.4285472782330155
2026-03-11,True,-0.1164332023618454,1.0174354883725942,0.689898330632953,0.9731070466426297,1.3984880331016392
2026-03-12,True,-0.13499671955652928,0.9625457127424879,0.6577160964661074,0.9231741820806221,1.31697600072807
2026-03-13,True,-0.1529455215599192,0.8526529734000303,0.582892277019579,0.8181958885418463,1.1674879115360712
2026-03-14,True,-0.16259382912595027,0.3213770855371957,0.2130700310050299,0.30750565490366266,0.44450689365010143
2026-03-15,True,-0.15369772162044903,1.5267740178620934,1.0511341773074236,1.464995797499217,2.0841202591215997
2026-03-16,True,-0.174132030456914,1.1913112005047461,0.8094253855137946,1.1463512201481851,1.6199515134259148
2026-03-17,True,-0.19256610159201576,0.9437482327163604,0.6436453809054722,0.9080713387768008,1.2957594949980589
2026-03-18,True,-0.17043722899640742,0.957564749163826,0.6550603655272503,0.915133680318733,1.3145814899660422
2026-03-19,True,-0.18944740736539561,0.9061631269983221,0.6237213578709648,0.8713486976566795,1.2349668020032616
2026-03-20,True,-0.20730928680855112,0.8029266055241097,0.5464268146320912,0.7690531126810146,1.0988583905330565
2026-03-21,False,-0.20720935642866697,0.30574253566757786,0.20278255447901214,0.2928907909005186,0.4239651960111977
2026-03-22,True,-0.23054331333707345,1.4072682346594951,0.969060414015186,1.3486099799980609,1.9235446763346518
2026-03-23,False,-0.23091383968461857,1.1206339265112595,0.759627055861929,1.0746003616956943,1.5392058772072077
2026-03-24,True,-0.25023073508206983,0.8867154525411656,0.604411543931357,0.8521720490311727,1.217608355911316
2026-03-25,True,-0.2698848075309491,0.8633569849713516,0.5894472610687284,0.8259332026059368,1.1884407069443812
2026-03-26,True,-0.28805067340345347,0.8174681218530364,0.5614467012591244,0.7847497397641293,1.122241070422279
2026-03-27,True,-0.3055265656806213,0.7243960410363293,0.49155557985321857,0.696479629575353,0.9913938823416674
2026-03-28,True,-0.3156274654391962,0.2730161944692127,0.18172152672197478,0.26223614497113934,0.37904501017898823
2026-03-29,True,-0.3376449280477081,1.258094733493372,0.8554762261912018,1.2067486083693868,1.716115390496203
2026-03-30,True,-0.316362648387114,1.0223905055688611,0.6977464460804765,0.9817932534009136,1.4023947252240725
2026-03-31,True,-0.2659554750123831,0.866608423138479,0.5955425542852042,0.8304234419829457,1.1830211156634538
2026-04-01,True,-0.26674002084235904,1.0962405194816447,0.7418891743811132,1.0476432553977166,1.5155730633877904
2026-04-02,True,-0.20889353335240185,1.1186724937703678,0.7610842099066846,1.0746783212724793,1.5294888833556224
2026-04-03,True,-0.22755305434523815,0.9935182430410938,0.6635325177667442,0.9505331501231594,1.3700660220192276
2026-04-04,True,-0.2396569052586385,0.37204124514018444,0.2505902542488413,0.35564504778657924,0.519439146619828
2026-04-05,True,-0.19484508678623014,1.8333810610743209,1.2512972517643672,1.758925760000119,2.4774710564279996
2026-04-06,True,-0.2175424955160992,1.4284534635016097,0.9694696331435498,1.366961982556045,1.966511988084723
2026-04-07,True,-0.2377551802476866,1.1303971744975088,0.758248321942858,1.0826172378048238,1.5542098132733888
2026-04-08,True,-0.2582815534833615,1.0970367708910964,0.7548771923950377,1.0484425583697787,1.5028062332824015
2026-04-09,True,-0.22088973632204217,1.0972933145167802,0.7569139587715921,1.058990627604843,1.498205035052461
2026-04-10,True,-0.24022065201450707,0.9736942240949696,0.659614761791681,0.9356607953926871,1.3334555389376348
2026-04-11,True,-0.25196595064654903,0.36498015588726773,0.24793164128106426,0.35025879123004244,0.5052909257451952
2026-04-12,True,-0.26063751412311587,1.7061348855264782,1.18165976618206,1.6380162021346705,2.3111008515883036
2026-04-13,True,-0.2489569542452992,1.3747907010051912,0.9412672378049994,1.3131815751420508,1.8854808163105596
2026-04-14,True,-0.26866572284441437,1.0885520405194864,0.7396613305304807,1.0471659184724074,1.4829364003404468
2026-04-15,True,-0.2508826515276803,1.0970349973544522,0.7644418069509165,1.052426880313599,1.4970003971542098
2026-04-16,True,-0.27045545272559335,1.037511436276169,0.7194554381424374,1.003914918031985,1.398852864184626
2026-04-17,True,-0.2897017195390626,0.9204818049758041,0.6274166228409239,0.8838216579827947,1.257821059580686
2026-04-18,True,-0.3012113549525898,0.34518473514810677,0.23448344987801173,0.332251781506446,0.475062921702277
2026-04-19,True,-0.32374268554018926,1.591922516498735,1.1036041877548552,1.5350301486966822,2.1445802026603555
2026-04-20,True,-0.3446685988564038,1.242196257900475,0.8544101075321066,1.1934587464472615,1.6827572176567944
2026-04-21,True,-0.3438344372834568,1.003719429677363,0.6828410113352792,0.9692532355609335,1.3675604900061515
2026-04-22,True,-0.3638508398690071,0.9752135467038205,0.6724502803258081,0.9399086497618209,1.323603718171937
2026-04-23,True,-0.3828637791888631,0.9230452845135735,0.6377620159263042,0.8940766918007228,1.2442796969837968
2026-04-24,True,-0.40140266614900905,0.8193619382348868,0.5527651811318295,0.7900963142542541,1.1182650544588344
2026-04-25,False,-0.40165285964677,0.311053438227756,0.2092270316679541,0.2998908047440529,0.42624028429170735
2026-04-26,True,-0.3915554808737557,1.4800504269904042,1.017585442325159,1.4313080415751087,1.9912230602477599
2026-04-27,True,-0.338594809836284,1.2411315044135554,0.8627523751667681,1.1963484082622453,1.6717692674185127
2026-04-28,True,-0.35843083318170865,0.9831467146502313,0.6733730604297358,0.9503570971505989,1.3283498979855792
2026-04-29,True,-0.3564535040777057,0.9759231831227447,0.6752980222720513,0.9397980975215585,1.3177901339242684
2026-04-30,True,-0.3538801973132627,0.9436603155736365,0.6581176116037035,0.9148554081716966,1.2635084080680004
2026-05-01,True,-0.3717775793078943,0.8514759124349596,0.5793673307268418,0.8205250719762894,1.1608700111290706
2026-05-02,True,-0.3835966096385087,0.32173076691312386,0.2068788391553715,0.3104845023858868,0.44953719259786423
2026-05-03,True,-0.4063839573266543,1.4804235374270427,0.9939416158886741,1.4207405725066655,2.030554712554752
2026-05-04,True,-0.427807450568121,1.1509247059591137,0.7767915227047619,1.1042899505982484,1.5879816069443091
2026-05-05,True,-0.44713533713419906,0.9112637686586698,0.6133519246493132,0.8739944208441801,1.254857247848841
2026-05-06,True,-0.4660470949526583,0.8880797459988317,0.5966413911957147,0.8528558326041189,1.226816891795423
2026-05-07,True,-0.35484496377743546,0.9541014686487537,0.6564602564569036,0.921321841191585,1.291757406426183
2026-05-08,True,-0.33041443153543726,0.8804434492151217,0.606190297396597,0.8489006417753534,1.1893314944546334
2026-05-09,True,-0.02851249866021722,0.452838024889638,0.30968468327207505,0.43783346260109635,0.6151759334669342
2026-05-10,True,-0.04742276607396574,2.0956410071641223,1.4761663643316558,2.0054705326897735,2.7760656579158107
2026-05-11,True,-0.05453968185321279,1.6523205938500274,1.1636376120666172,1.5944688437098744,2.210259222079977
2026-05-12,True,-0.05846962501654977,1.3293399409248494,0.9331946430937831,1.2755257426943314,1.7795008434421853
2026-05-13,True,-0.07602954432117393,1.2971224658906955,0.9060337569721303,1.247190301336709,1.7530557467448646
2026-05-14,True,-0.09436069836485794,1.228177812315064,0.864749388399182,1.185747084067541,1.6342673038344477
2026-05-15,True,-0.11153595425983595,1.086965163624379,0.7648368973063856,1.0521626498286942,1.4578745152093662
2026-05-16,True,-0.1224413241155592,0.41003795817349487,0.2799857855780183,0.3947671899829032,0.5576056183192044
2026-05-17,True,-0.13210910438950957,1.9152200303520153,1.334296474539681,1.8375804457580356,2.568996668252026
2026-05-18,True,-0.138016924767016,1.5121307630249579,1.0571035760835488,1.45693862093135,2.0265747593331156
2026-05-19,True,-0.14060630791341522,1.2176377402452463,0.8468335202975773,1.1740290872035346,1.6321880091077239
2026-05-20,True,-0.15961459519802568,1.1869140576648913,0.824019877842107,1.1519395706642788,1.5972033158098082
2026-05-21,True,-0.17885018201797448,1.1229050798487485,0.7867023145255345,1.0861119083348578,1.4986631224295184
2026-05-22,True,-0.1968924445691761,0.99318422447358,0.7028739390172681,0.9605067183324433,1.3255214905763613
2026-05-23,True,-0.20779701449722593,0.3743959913499734,0.2545732456428972,0.36254218643869845,0.5085194730035145
2026-05-24,True,-0.19166451933611653,1.793701419451184,1.2473318370464805,1.7299317926064288,2.405307149858039
2026-05-25,True,-0.21162068818206328,1.3976107795309016,0.9694117765030195,1.3579469487985105,1.8775018908793957
2026-05-26,True,-0.21353135455176148,1.125346395221068,0.785272424792587,1.0876358756703035,1.5098251811139534
2026-05-27,True,-0.23302567475630515,1.0971329435155754,0.7615309625020709,1.0572291716183184,1.4803337141918662
2026-05-28,True,-0.25114135202826277,1.03880025149834,0.7265498232211932,1.0042721208494494,1.3970949915680502
2026-05-29,True,-0.2686246911724205,0.9195504091649986,0.648318977836015,0.8888214257357726,1.2293509249548764
2026-05-30,True,-0.27953235660891096,0.34659295345878194,0.23565353148262236,0.336980584165913,0.46990180073480253
2026-05-31,True,-0.27353208519166244,1.6446776644046444,1.141928611835686,1.5885858270581266,2.2247520588797887
2026-06-01,True,-0.2754785015923253,1.1612708292846645,0.7671391739106462,1.1227210056543837,1.5987684653537066
2026-06-02,True,-0.2934366245405106,0.9192335782058341,0.6231707564473203,0.8844218715509428,1.2577103755901713
2026-06-03,True,-0.31144505704656733,0.898515848093764,0.6057916250174944,0.8535338002867675,1.2509652215719382
2026-06-04,True,-0.30830671674616106,0.8688103756054808,0.5867096867592885,0.8350898225458817,1.1963117768577984
2026-06-05,True,-0.30237480589897725,0.7866671700445352,0.5384057642342568,0.7568306255304562,1.0771408833013585
2026-06-06,True,-0.3117754528874999,0.29619071491087445,0.19558893224986088,0.28630487132101895,0.40835790099125524
2026-06-07,True,-0.30109876262870877,1.4109548167727761,0.9625017743647825,1.365317168781492,1.9139040948224755
2026-06-08,True,-0.30260534133326283,1.1225980307709422,0.7527043967467505,1.0850805388622644,1.5351449172792235
2026-06-09,True,-0.32027147883808227,0.8892544331225894,0.6022703240270417,0.858569562099535,1.2117138283609608
2026-06-10,True,-0.256730257213048,0.9407976035487529,0.6469322740588211,0.8981005257306183,1.2880988136979648
2026-06-11,True,-0.23416589358654827,0.9274869920906366,0.6389293645411747,0.8953984216840772,1.2614484548818123
2026-06-12,True,-0.20916818281695396,0.8559480591510571,0.5945059948312537,0.8231460479265094,1.1596493947311721
2026-06-13,True,-0.21980294845765302,0.32224790590803964,0.21704255595667887,0.31072860323838536,0.4399963190330794
2026-06-14,True,-0.24138240659982,1.4869454493033039,1.0315949983756691,1.4382139521892223,2.0087843077497527
2026-06-15,True,-0.26137466229377404,1.1615272516893276,0.796405088246823,1.1220317366460895,1.580641139333432
2026-06-16,True,-0.27982976612823296,0.919459379503666,0.6311083025741538,0.8886003832500913,1.243647572480015
2026-06-17,True,-0.2773352691807003,0.9157497354659854,0.6316336147637194,0.8768302201940544,1.2552451785122671
2026-06-18,True,-0.2951919702945561,0.8679534526324579,0.597225334914572,0.8341520959522405,1.1795169664486278
2026-06-19,True,-0.24558213516545874,0.8204879573580326,0.5726110340372543,0.7921469537221655,1.1086334969971354
2026-06-20,True,-0.25598596794374373,0.30897012397844403,0.20940994358465206,0.29844982454890207,0.4219427328336276
2026-06-21,True,-0.2617755211546515,1.4479687356392577,1.0061026024972826,1.4027633039783005,1.9358582492578307
2026-06-22,True,-0.2822859677649905,1.130423222794891,0.7759923849257709,1.0937525591923083,1.5322040983313727
2026-06-23,True,-0.09353668140091954,1.0959870273987193,0.7761298414354709,1.0642600219897849,1.4627475782179558
2026-06-24,True,-0.11146843420868162,1.0717812892564051,0.7501429610734686,1.0283460046645638,1.4458337707270152
2026-06-25,True,-0.07616659995900024,1.0698468884037893,0.7559853806569551,1.037462237467634,1.4292429984269293
2026-06-26,True,-0.07573372904249828,0.9640419985723906,0.6837294601197038,0.9327813200730337,1.287865503283662
2026-06-27,True,-0.0863342381425937,0.3630460438474042,0.25153701471094203,0.3504186630669898,0.49115826010265634
2026-06-28,True,-0.009916670221696292,1.8429036909338075,1.3262353864127843,1.7890932348763384,2.4333549827429697
2026-06-29,True,0.011212579356246071,1.500324204412989,1.0620725741239574,1.4613025558804955,1.9904151534944108
2026-06-30,True,0.03809005424690333,1.2416296356076684,0.8930863821385487,1.2044612496157208,1.6435684665956225
2026-07-01,True,0.020421252643685456,1.4225245389602819,0.9671280108819914,1.3629023570718837,1.9406250913110616
2026-07-02,True,0.0018035349200098104,1.344923106176107,0.9159661752811555,1.298132363909782,1.8256372339035396
2026-07-03,True,-0.01624162366045831,1.1902556151068044,0.8207454141564744,1.1393293024332523,1.624687252115257
2026-07-04,True,-0.027927450998389815,0.44883154398238634,0.2981333995433053,0.4289031736980895,0.6223691774262031
2026-07-05,True,-0.03918106111975709,2.088315548792248,1.4259531350569692,2.001557527946547,2.8583589370689095
2026-07-06,True,-0.05903792261022527,1.6260478506725853,1.1241266261151137,1.5614216975590953,2.2057340621129167
2026-07-07,True,-0.0480798739355946,1.3272156235634627,0.9198424376157908,1.2744431930073674,1.8064672961184323
2026-07-08,True,0.020030474360806967,1.41060723944046,0.9728792618453763,1.3527566294463107,1.9084119892148086
2026-07-09,True,0.0012612426574143253,1.3344309264384204,0.924331259935352,1.2898254260727684,1.7986411296664333
2026-07-10,True,-0.017165595397502814,1.1807859053024237,0.823145080313297,1.1350692765847035,1.6016461698470847
2026-07-11,True,-0.028236141239647343,0.44532469202295244,0.29928628574056626,0.42577963459582346,0.6132024746580833
2026-07-12,True,-0.039048251465118006,2.07349005177988,1.4390091705755925,1.9949936332891154,2.809448327452122
2026-07-13,True,0.003995584580074093,1.71778210947233,1.202609583469921,1.6577797834975039,2.295860517909489
2026-07-14,True,-0.014749029326831184,1.3623807346206158,0.9521062687278535,1.3132012485937343,1.8376693457506803
2026-07-15,True,-0.034125296642153184,1.328064635224816,0.9246779028151823,1.2707946528003167,1.8009833152846357
2026-07-16,True,-0.05361167704930618,1.2558934401899657,0.86909530593943,1.2126151086656731,1.6962769855559816
2026-07-17,True,-0.054588642659533546,1.1301933531175237,0.7903220002521385,1.0902220683464776,1.5194540992373413
2026-07-18,True,-0.06556318713607176,0.4262459282766393,0.28883019081552525,0.409904023635986,0.5819645767959685
2026-07-19,True,-0.08785938254812627,1.963192792022578,1.3627404084410568,1.8915767531513026,2.653998248312322
2026-07-20,True,-0.1086781886855898,1.5270616807889623,1.066955356614464,1.4740726604170395,2.042067965366218
2026-07-21,True,-0.11206200816678474,1.2289182508065135,0.8618947779594474,1.187490317738016,1.6545730518639186
2026-07-22,True,-0.06778099053649472,1.2753112034206724,0.8967141502703735,1.2275866551425907,1.7146388953981277
2026-07-23,True,-0.08677022266660035,1.2076219830849073,0.8378468518042083,1.1688750860919401,1.6269222639623107
2026-07-24,True,-0.07109866159906905,1.1045909134496434,0.7794208542500438,1.0646254889741331,1.4686864843338174
2026-07-25,True,-0.08286948278431033,0.4162299711110269,0.28400811037373297,0.399672878429081,0.5646904949068092
2026-07-26,True,-0.04770422751270849,2.0281385855355376,1.4223265953756554,1.962491756315168,2.710997422609438
2026-07-27,True,0.12357821879727791,1.9064307787920207,1.3809497634553158,1.8547239647721685,2.499485728376819
2026-07-28,True,0.10554444819087314,1.514103400287794,1.0786974647435688,1.4699182540547318,1.9949085279536904
2026-07-29,True,0.08618419254863355,1.4754250013078556,1.0465741371236728,1.4260200300154715,1.9637834639911156
2026-07-30,True,0.06794297161129947,1.398304752015168,0.995808497322902,1.3551490399298416,1.8682736927120878
2026-07-31,True,0.0496067506753337,1.2375010810238294,0.8804931587604949,1.203253756276187,1.6405047869354665
2026-08-01,True,0.03930448026418047,0.3766084534836455,0.25248996154154246,0.3630015954348945,0.5148853867839612
2026-08-02,True,0.03144529604986695,1.7634804077280473,1.2048095827524516,1.702104403147354,2.406191016908663
2026-08-03,True,0.012226033092028897,1.3810664596478772,0.9293510954862616,1.335138845609707,1.8956656224979898
2026-08-04,True,0.01137577652998303,1.1090523881556544,0.7633681568227413,1.0702023263553746,1.5083302098795435
2026-08-05,True,0.02752365349063094,1.120439701745756,0.7600219537090617,1.0743753112086922,1.538695312793932
2026-08-06,True,0.009846752806608246,1.0639081602197829,0.7165665582387502,1.0247203471393893,1.4695072030864926
2026-08-07,True,0.01150029506309061,0.9609367266114075,0.6475308185447815,0.9225620619179346,1.3261432234956778
2026-08-08,True,0.030684351844191996,0.3709440038320947,0.2505826487863667,0.3570876856247691,0.5065349903598791
2026-08-09,True,0.04744115915223519,1.7791498736008369,1.2289138353034192,1.7265241294992386,2.4035044150658895
2026-08-10,True,0.056798633313413505,1.4326264454366184,0.9687801280778054,1.3905286829766814,1.9480917369795434
2026-08-11,True,0.08722983502183028,1.1869805256262964,0.8312699620039838,1.1471673098649173,1.599255459775595
2026-08-12,True,0.06952714448113462,1.1597564094196662,0.8005367326807358,1.115227203012214,1.5632033512111885
2026-08-13,True,0.05126461383562502,1.1008960638588323,0.7530575421930581,1.0638160177655833,1.5031161430826143
2026-08-14,True,0.10445102702913524,1.0452351232549164,0.7226954772102181,1.0060145807007228,1.4203216723691956
2026-08-15,True,0.09398091181574807,0.3921914909531598,0.27001960404184816,0.3799219494992898,0.5300949810819403
2026-08-16,True,0.08509891979163638,1.8347628158688987,1.284020428396017,1.7840338629197285,2.454486742338958
2026-08-17,True,0.10725976561850457,1.4947685060484166,1.0334224734845578,1.4530040837868834,1.9934518300086277
2026-08-18,True,0.10489278470798709,1.20032047521324,0.8426208190912357,1.1712942395228525,1.6054174331921907
2026-08-19,True,0.08713893993905084,1.172499122015518,0.8161530823888489,1.1360393738778978,1.5774303301484096
2026-08-20,True,0.0690106949259128,1.1130297592349696,0.7633239585349283,1.07680470615662,1.5022001225590529
2026-08-21,True,0.05195329869614742,0.9865819301442644,0.6787925329980448,0.9513749921376508,1.3366700172712997
2026-08-22,True,0.041295405053003775,0.37020638963599195,0.25532526886003437,0.3581299346449827,0.4983971544660662
2026-08-23,True,0.046019080073698426,1.754726799418643,1.23240189875775,1.6997028842282391,2.3583318585016824
2026-08-24,True,0.04099320333942391,1.3919715442500702,0.9621001925397833,1.3475082931814468,1.8716140578035265
2026-08-25,True,0.022375954114611095,1.100042110872736,0.7730962303902317,1.0669287002082704,1.4683136290584409
2026-08-26,True,0.003192775739312505,1.0732477659378565,0.7481431606702748,1.0362624692699,1.4505561122235435
2026-08-27,True,-0.0155287995932493,1.0179474020652188,0.7013064157491269,0.9842394109499161,1.384216606327752
2026-08-28,True,-0.033500887836386724,0.9014630056392394,0.6207120553877397,0.867855519143515,1.2271668754848077
2026-08-29,True,-0.04414484610485231,0.33831177549657654,0.2314316371356033,0.32606155539440923,0.4601062640159006
2026-08-30,True,-0.009604577512076159,1.6510397251349365,1.1621335971812836,1.5968925475716778,2.2135361377763396
2026-08-31,True,0.01742953634727886,1.351228677221391,0.9431101852249975,1.3070627307498233,1.8121578608247144
2026-09-01,True,0.016931714315478377,1.0833459211969143,0.7250639770021258,1.0359233990273178,1.5018453308429598
2026-09-02,True,0.016556880074271217,1.0748368398794947,0.7192278642869282,1.0307111100306947,1.4868001429761428
2026-09-03,True,-0.0020508160751218506,1.021896930155982,0.6675584100421296,0.974272503316071,1.4422874072614331
2026-09-04,True,6.867350130472169e-05,0.9202239100524484,0.6105643202145068,0.8828373592379287,1.2831767549668838
2026-09-05,True,-0.010671837234893674,0.3467008524873926,0.22614952531318686,0.33207232833845257,0.4876291564272439
2026-09-06,True,0.009880537653382555,1.6633830818456539,1.1230915240278838,1.5962286240363124,2.291658784008939
2026-09-07,True,-0.009913997664308333,1.2957691215418237,0.8812040089616114,1.2414332003539466,1.7762022632273313
2026-09-08,True,-0.01005689996572653,1.0468438034736767,0.7036398923589078,1.0043179233344623,1.4402124571364463
2026-09-09,True,-0.009441133071880832,1.0398086939437687,0.7008902005560542,0.9984757435123301,1.428998820274719
2026-09-10,True,-0.008652611239258392,1.0072789561051352,0.6668247814199694,0.965725864954118,1.4027260654411653
2026-09-11,True,-0.02666194934654763,0.8894725914755768,0.5979871198291866,0.8580227592384719,1.2282084879162574
2026-09-12,True,0.02587915940682037,0.35661356416091083,0.23662409226660716,0.3434479345551059,0.4938960842507804
2026-09-13,True,0.017099024033030756,1.6635338085463645,1.136178854883082,1.601097007314649,2.270781595906463
2026-09-14,True,-0.004024412173603066,1.2947103347955138,0.8933233059321044,1.241697133936129,1.7661763605724963
2026-09-15,True,-0.023044775663787345,1.026630336756737,0.6974165829351675,0.9909590365249326,1.4045748880038444
2026-09-16,True,-0.04187561715926848,1.0005332049097395,0.681689267085211,0.9625772578807431,1.3690501646824411
2026-09-17,True,-0.06075079913685052,0.9506780527696403,0.6338136085019453,0.9107787465216778,1.3273254611662033
2026-09-18,True,-0.057895043016714026,0.8569400808832661,0.5792753780874875,0.826606941328957,1.178219841910453
2026-09-19,True,-0.06837313988737917,0.32298207215165764,0.21394631598996183,0.3084891711070376,0.4510722853610132
2026-09-20,True,-0.05982366993000499,1.5318110326586942,1.0517465304685734,1.4820065304902565,2.0864444186845588
2026-09-21,True,-0.0802411569005208,1.1934198034411532,0.8207168129212101,1.1465925989513135,1.626619216613665
2026-09-22,True,-0.058222249786287074,0.9849233439481209,0.671770536772474,0.9477637611060082,1.3427809688434553
2026-09-23,True,-0.07689611384861826,0.9600762563451729,0.6549667072584802,0.922617459065251,1.3063889258867625
2026-09-24,True,-0.09623152794316225,0.9113593158200285,0.6150631607542602,0.8748413817403147,1.2583168271613043
2026-09-25,True,-0.11410187809529629,0.8054688746884976,0.5451903524554952,0.7768491742623616,1.10224314504162
2026-09-26,True,-0.1245144223881211,0.3034566128814828,0.20361026947891578,0.28993886419249504,0.42401406639739714
2026-09-27,True,-0.12968945173774488,1.4200931619987838,0.9836246390077736,1.3728198406698597,1.9229691062892083
2026-09-28,True,-0.15081423454385906,1.105423765852144,0.7640064368902402,1.066546176248582,1.4962228594041729
2026-09-29,True,-0.14772311283091832,0.8955515885549381,0.6132946119532916,0.8636159642388498,1.2136549067499662
2026-09-30,True,-0.16619570087151558,0.8735117643713779,0.5935785873444404,0.8400414687910432,1.1924398535730718
2026-10-01,True,-0.16341783744704033,0.9388351499863481,0.6144991459628778,0.8950065469840318,1.3136818751437265
2026-10-02,True,-0.18173961333359764,0.8352969736721824,0.5316392152644615,0.7908031115678698,1.1892994173406763
